match_id,league_name,match_time,home_team,away_team,final_score,bookmaker,init_win,init_draw,init_lose,final_win,final_draw,final_lose
1877308,法国甲组联赛,2020-11-08T04:00:00,巴黎圣日尔曼,雷恩,3-0,Bet 365,1.3,6,8.5,1.44,4.75,6
1877308,法国甲组联赛,2020-11-08T04:00:00,巴黎圣日尔曼,雷恩,3-0,Easybets,1.21,7,12,1.49,4.6,6.1
1877308,法国甲组联赛,2020-11-08T04:00:00,巴黎圣日尔曼,雷恩,3-0,Lottery Official,1.28,4.65,7,1.3,4.6,6.55
1877308,法国甲组联赛,2020-11-08T04:00:00,巴黎圣日尔曼,雷恩,3-0,Macauslot,1.21,5.8,9,1.42,4.28,5.78
1877308,法国甲组联赛,2020-11-08T04:00:00,巴黎圣日尔曼,雷恩,3-0,William Hill,1.22,6,13,1.44,4.6,6.5
1877368,法国甲组联赛,2020-12-20T22:00:00,圣埃蒂安,尼姆,2月2日,Bet 365,1.85,3.6,4.2,1.45,4.5,7.5
1877368,法国甲组联赛,2020-12-20T22:00:00,圣埃蒂安,尼姆,2月2日,Lottery Official,1.46,3.65,5.6,1.34,4.05,6.85
1877368,法国甲组联赛,2020-12-20T22:00:00,圣埃蒂安,尼姆,2月2日,Macauslot,1.58,3.62,4.95,1.45,4,5.85
1877368,法国甲组联赛,2020-12-20T22:00:00,圣埃蒂安,尼姆,2月2日,William Hill,1.85,3.7,4,1.44,4.2,7.5
1877389,法国甲组联赛,2021-01-07T02:00:00,斯特拉斯堡,尼姆,5-0,Bet 365,2,3.1,4.2,1.44,4.5,7
1877389,法国甲组联赛,2021-01-07T02:00:00,斯特拉斯堡,尼姆,5-0,Easybets,1.54,4.2,6.2,1.49,4.2,7
1877389,法国甲组联赛,2021-01-07T02:00:00,斯特拉斯堡,尼姆,5-0,Macauslot,1.48,3.75,5.8,1.38,4.1,6.85
1877389,法国甲组联赛,2021-01-07T02:00:00,斯特拉斯堡,尼姆,5-0,William Hill,1.75,3.5,5,1.44,4.33,7
1877405,法国甲组联赛,2021-01-16T23:59:00,马赛,尼姆,1月2日,Bet 365,1.36,5,7.5,1.45,4.5,6.5
1877405,法国甲组联赛,2021-01-16T23:59:00,马赛,尼姆,1月2日,Easybets,1.41,4.8,7.5,1.4,5,7.5
1877405,法国甲组联赛,2021-01-16T23:59:00,马赛,尼姆,1月2日,Lottery Official,1.3,4.25,7.4,1.3,4.25,7.4
1877405,法国甲组联赛,2021-01-16T23:59:00,马赛,尼姆,1月2日,Macauslot,1.28,4.85,7.8,1.35,4.55,6.6
1877405,法国甲组联赛,2021-01-16T23:59:00,马赛,尼姆,1月2日,William Hill,1.35,4.8,9,1.44,4.33,7
1877434,法国甲组联赛,2021-02-04T04:00:00,摩纳哥,尼斯,2月1日,Bet 365,1.57,3.8,5,1.45,4.75,6
1877434,法国甲组联赛,2021-02-04T04:00:00,摩纳哥,尼斯,2月1日,Easybets,1.5,4.6,6.1,1.49,4.5,6.3
1877434,法国甲组联赛,2021-02-04T04:00:00,摩纳哥,尼斯,2月1日,Lottery Official,1.39,4,6,1.35,4.15,6.35
1877434,法国甲组联赛,2021-02-04T04:00:00,摩纳哥,尼斯,2月1日,Macauslot,1.48,4.15,5,1.48,4.15,5
1877434,法国甲组联赛,2021-02-04T04:00:00,摩纳哥,尼斯,2月1日,William Hill,1.57,4.2,5.5,1.44,4.4,7
1877476,法国甲组联赛,2021-02-28T20:00:00,摩纳哥,布雷斯特,2-0,Bet 365,1.45,4.75,6,1.4,4.75,7.5
1877476,法国甲组联赛,2021-02-28T20:00:00,摩纳哥,布雷斯特,2-0,Easybets,1.48,4.6,5.4,1.43,4.8,6.8
1877476,法国甲组联赛,2021-02-28T20:00:00,摩纳哥,布雷斯特,2-0,Lottery Official,1.35,4.3,6.05,1.27,4.8,7
1877476,法国甲组联赛,2021-02-28T20:00:00,摩纳哥,布雷斯特,2-0,Macauslot,1.43,4.45,5.25,1.4,4.5,5.6
1877476,法国甲组联赛,2021-02-28T20:00:00,摩纳哥,布雷斯特,2-0,William Hill,1.5,4.4,6.5,1.44,4.5,7
1877574,法国甲组联赛,2021-05-17T03:00:00,马赛,昂热,3月2日,Bet 365,1.65,3.8,5,1.44,4.2,8
1877574,法国甲组联赛,2021-05-17T03:00:00,马赛,昂热,3月2日,Easybets,1.46,4.5,7,1.46,4.4,7.2
1877574,法国甲组联赛,2021-05-17T03:00:00,马赛,昂热,3月2日,Macauslot,1.38,4.25,6.6,1.38,4.25,6.6
1877574,法国甲组联赛,2021-05-17T03:00:00,马赛,昂热,3月2日,William Hill,1.5,4.33,6,1.44,4.2,8
1894562,德国甲组联赛,2020-09-26T21:30:00,门兴格拉德巴赫,柏林联合,1月1日,Bet 365,1.57,4,5.5,1.44,4.33,7.5
1894562,德国甲组联赛,2020-09-26T21:30:00,门兴格拉德巴赫,柏林联合,1月1日,Easybets,1.48,4.4,5.6,1.47,4.6,6.8
1894562,德国甲组联赛,2020-09-26T21:30:00,门兴格拉德巴赫,柏林联合,1月1日,Macauslot,1.45,4.25,5.5,1.45,4.25,5.5
1894562,德国甲组联赛,2020-09-26T21:30:00,门兴格拉德巴赫,柏林联合,1月1日,William Hill,1.57,4.2,5.8,1.44,4.5,7.5
1894643,德国甲组联赛,2020-12-12T22:30:00,多特蒙德,斯图加特,1月5日,Bet 365,1.36,5,7.5,1.44,4.75,6.5
1894643,德国甲组联赛,2020-12-12T22:30:00,多特蒙德,斯图加特,1月5日,Lottery Official,1.36,4.5,5.6,1.35,4.55,5.7
1894643,德国甲组联赛,2020-12-12T22:30:00,多特蒙德,斯图加特,1月5日,Macauslot,1.43,4.55,5.35,1.43,4.55,5.35
1894643,德国甲组联赛,2020-12-12T22:30:00,多特蒙德,斯图加特,1月5日,William Hill,1.4,4.8,7.5,1.44,4.6,7
1894732,德国甲组联赛,2021-02-13T22:30:00,多特蒙德,霍芬海姆,2月2日,Bet 365,1.5,4.33,6,1.44,4.75,6.5
1894732,德国甲组联赛,2021-02-13T22:30:00,多特蒙德,霍芬海姆,2月2日,Easybets,1.5,4.8,5.9,1.44,4.9,6.9
1894732,德国甲组联赛,2021-02-13T22:30:00,多特蒙德,霍芬海姆,2月2日,Macauslot,1.45,4.3,5.4,1.38,4.6,6.05
1894732,德国甲组联赛,2021-02-13T22:30:00,多特蒙德,霍芬海姆,2月2日,William Hill,1.44,4.8,6.5,1.44,4.75,6.5
1903897,英格兰超级联赛,2020-12-06T04:00:00,切尔西,利兹联,3月1日,Bet 365,1.44,4.33,7,1.44,5,6
1903897,英格兰超级联赛,2020-12-06T04:00:00,切尔西,利兹联,3月1日,Lottery Official,1.41,4.2,5.2,1.32,4.7,5.9
1903897,英格兰超级联赛,2020-12-06T04:00:00,切尔西,利兹联,3月1日,Macauslot,1.45,3.88,6.2,1.42,4.1,6.25
1903897,英格兰超级联赛,2020-12-06T04:00:00,切尔西,利兹联,3月1日,William Hill,1.44,4.6,7,1.44,4.8,6.5
1903911,英格兰超级联赛,2020-12-14T03:15:00,阿森纳,伯恩利,0-1,Bet 365,1.5,4,7,1.4,4.75,8
1903911,英格兰超级联赛,2020-12-14T03:15:00,阿森纳,伯恩利,0-1,Macauslot,1.54,3.77,5.3,1.4,4.3,6.3
1903911,英格兰超级联赛,2020-12-14T03:15:00,阿森纳,伯恩利,0-1,William Hill,1.4,4.6,8,1.44,4.4,8
1903976,英格兰超级联赛,2021-01-19T04:00:00,阿森纳,纽卡斯尔联,3-0,Bet 365,1.57,4,5.5,1.4,4.75,8
1903976,英格兰超级联赛,2021-01-19T04:00:00,阿森纳,纽卡斯尔联,3-0,Easybets,1.46,4.6,7.2,1.41,4.8,8.1
1903976,英格兰超级联赛,2021-01-19T04:00:00,阿森纳,纽卡斯尔联,3-0,Macauslot,1.41,4.3,6.1,1.41,4.3,6.1
1903976,英格兰超级联赛,2021-01-19T04:00:00,阿森纳,纽卡斯尔联,3-0,William Hill,1.5,4.2,7,1.44,4.5,7.5
1904004,英格兰超级联赛,2021-02-04T04:15:00,利物浦,布莱顿,0-1,Bet 365,1.36,5,8,1.44,4.75,6.5
1904004,英格兰超级联赛,2021-02-04T04:15:00,利物浦,布莱顿,0-1,Easybets,1.35,5,7.3,1.52,4.7,5.9
1904004,英格兰超级联赛,2021-02-04T04:15:00,利物浦,布莱顿,0-1,Lottery Official,1.29,4.45,7.15,1.29,4.45,7.15
1904004,英格兰超级联赛,2021-02-04T04:15:00,利物浦,布莱顿,0-1,Macauslot,1.31,4.9,7.3,1.38,4.65,6.1
1904004,英格兰超级联赛,2021-02-04T04:15:00,利物浦,布莱顿,0-1,William Hill,1.3,5,12,1.44,4.8,6.5
1904069,英格兰超级联赛,2021-04-10T22:00:00,利物浦,阿斯顿维拉,2月1日,Bet 365,1.36,4.75,8,1.45,4.75,6.5
1904069,英格兰超级联赛,2021-04-10T22:00:00,利物浦,阿斯顿维拉,2月1日,Easybets,1.47,4.8,6.4,1.44,4.8,7.3
1904069,英格兰超级联赛,2021-04-10T22:00:00,利物浦,阿斯顿维拉,2月1日,Macauslot,1.38,4.55,6.1,1.42,4.3,5.8
1904069,英格兰超级联赛,2021-04-10T22:00:00,利物浦,阿斯顿维拉,2月1日,William Hill,1.4,4.6,8.5,1.44,4.5,7
1904092,英格兰超级联赛,2021-04-27T03:00:00,莱斯特城,水晶宫,2月1日,Bet 365,1.5,3.8,7.5,1.4,4.75,8
1904092,英格兰超级联赛,2021-04-27T03:00:00,莱斯特城,水晶宫,2月1日,Easybets,1.46,4.3,8.2,1.43,4.6,8
1904092,英格兰超级联赛,2021-04-27T03:00:00,莱斯特城,水晶宫,2月1日,Lottery Official,1.34,4,6.55,1.26,4.45,7.6
1904092,英格兰超级联赛,2021-04-27T03:00:00,莱斯特城,水晶宫,2月1日,Macauslot,1.41,4.1,6.6,1.34,4.3,8
1904092,英格兰超级联赛,2021-04-27T03:00:00,莱斯特城,水晶宫,2月1日,William Hill,1.5,4,7.5,1.44,4.5,7.5
1904101,英格兰超级联赛,2021-05-02T00:30:00,切尔西,富勒姆,2-0,Bet 365,1.36,4.2,10,1.44,4.2,8
1904101,英格兰超级联赛,2021-05-02T00:30:00,切尔西,富勒姆,2-0,Easybets,1.47,4.3,7.8,1.49,4.2,7.4
1904101,英格兰超级联赛,2021-05-02T00:30:00,切尔西,富勒姆,2-0,Lottery Official,1.32,3.9,7.45,1.31,3.95,7.5
1904101,英格兰超级联赛,2021-05-02T00:30:00,切尔西,富勒姆,2-0,Macauslot,1.4,4,7.1,1.38,4.2,7
1904101,英格兰超级联赛,2021-05-02T00:30:00,切尔西,富勒姆,2-0,William Hill,1.4,4.4,9,1.44,4,8.5
1904110,英格兰超级联赛,2021-05-10T02:00:00,阿森纳,西布罗姆维奇,3月1日,Bet 365,1.5,4.33,6,1.44,4.5,6.5
1904110,英格兰超级联赛,2021-05-10T02:00:00,阿森纳,西布罗姆维奇,3月1日,Easybets,1.49,4.6,6.5,1.5,4.5,6.7
1904110,英格兰超级联赛,2021-05-10T02:00:00,阿森纳,西布罗姆维奇,3月1日,Macauslot,1.42,4.25,6,1.42,4.25,6
1904110,英格兰超级联赛,2021-05-10T02:00:00,阿森纳,西布罗姆维奇,3月1日,William Hill,1.53,4.2,6.5,1.44,4.6,7
1907212,英格兰超级联赛,2021-03-14T22:00:00,莱斯特城,谢菲尔德联队,5-0,Bet 365,1.5,4,7,1.5,4,7.5
1907212,英格兰超级联赛,2021-03-14T22:00:00,莱斯特城,谢菲尔德联队,5-0,Easybets,1.48,4.3,7,1.54,4.1,6.9
1907212,英格兰超级联赛,2021-03-14T22:00:00,莱斯特城,谢菲尔德联队,5-0,Lottery Official,1.46,3.6,5.65,1.33,4,7.25
1907212,英格兰超级联赛,2021-03-14T22:00:00,莱斯特城,谢菲尔德联队,5-0,Macauslot,1.42,4.05,6.6,1.36,4.2,7.7
1907212,英格兰超级联赛,2021-03-14T22:00:00,莱斯特城,谢菲尔德联队,5-0,William Hill,1.5,4.33,6.5,1.44,3.9,8
1913792,西班牙甲组联赛,2021-03-18T02:00:00,塞维利亚,艾尔切,2-0,Bet 365,1.33,5,9,1.44,4.2,8
1913792,西班牙甲组联赛,2021-03-18T02:00:00,塞维利亚,艾尔切,2-0,Easybets,1.35,4.9,9.3,1.47,4.2,8
1913792,西班牙甲组联赛,2021-03-18T02:00:00,塞维利亚,艾尔切,2-0,Lottery Official,1.23,4.65,9,1.28,4.35,7.8
1913792,西班牙甲组联赛,2021-03-18T02:00:00,塞维利亚,艾尔切,2-0,Macauslot,1.31,4.5,8.2,1.3,4.5,8.2
1913792,西班牙甲组联赛,2021-03-18T02:00:00,塞维利亚,艾尔切,2-0,William Hill,1.3,5,12,1.44,4.2,8.5
1913853,西班牙甲组联赛,2020-11-01T21:00:00,皇家贝蒂斯,艾尔切,3月1日,Bet 365,1.61,3.6,6,1.44,4.5,7
1913853,西班牙甲组联赛,2020-11-01T21:00:00,皇家贝蒂斯,艾尔切,3月1日,Easybets,1.55,3.9,7.2,1.47,4.4,7.6
1913853,西班牙甲组联赛,2020-11-01T21:00:00,皇家贝蒂斯,艾尔切,3月1日,Lottery Official,1.37,3.8,7,1.35,4.1,6.5
1913853,西班牙甲组联赛,2020-11-01T21:00:00,皇家贝蒂斯,艾尔切,3月1日,Macauslot,1.48,3.58,6.6,1.42,3.8,7.2
1913853,西班牙甲组联赛,2020-11-01T21:00:00,皇家贝蒂斯,艾尔切,3月1日,William Hill,1.73,3.5,5.5,1.44,4.33,7.5
1913863,西班牙甲组联赛,2020-11-08T01:30:00,塞维利亚,奥萨苏纳,1-0,Bet 365,1.61,3.5,6.25,1.44,4.5,7
1913863,西班牙甲组联赛,2020-11-08T01:30:00,塞维利亚,奥萨苏纳,1-0,Easybets,1.63,3.8,5.7,1.52,4.2,7
1913863,西班牙甲组联赛,2020-11-08T01:30:00,塞维利亚,奥萨苏纳,1-0,Lottery Official,1.48,3.45,5.8,1.41,3.65,6.5
1913863,西班牙甲组联赛,2020-11-08T01:30:00,塞维利亚,奥萨苏纳,1-0,Macauslot,1.55,3.62,5.45,1.4,4.1,6.8
1913863,西班牙甲组联赛,2020-11-08T01:30:00,塞维利亚,奥萨苏纳,1-0,William Hill,1.65,3.4,7,1.44,4.33,7.5
1913868,西班牙甲组联赛,2020-11-07T23:15:00,巴塞罗那,皇家贝蒂斯,5月2日,Bet 365,1.36,5,7.5,1.45,5.1,5.75
1913868,西班牙甲组联赛,2020-11-07T23:15:00,巴塞罗那,皇家贝蒂斯,5月2日,Easybets,1.41,5.1,6.7,1.51,5,5.6
1913868,西班牙甲组联赛,2020-11-07T23:15:00,巴塞罗那,皇家贝蒂斯,5月2日,Lottery Official,1.32,4.5,6.25,1.32,4.5,6.25
1913868,西班牙甲组联赛,2020-11-07T23:15:00,巴塞罗那,皇家贝蒂斯,5月2日,Macauslot,1.33,4.95,6.7,1.45,4.6,5
1913868,西班牙甲组联赛,2020-11-07T23:15:00,巴塞罗那,皇家贝蒂斯,5月2日,William Hill,1.3,5.5,10,1.44,4.75,6.5
1913872,西班牙甲组联赛,2020-11-21T21:00:00,莱万特,艾尔切,1月1日,Bet 365,2.25,3.2,3.25,1.44,4.33,7
1913872,西班牙甲组联赛,2020-11-21T21:00:00,莱万特,艾尔切,1月1日,Easybets,1.74,4,4.7,1.48,4.6,6.8
1913872,西班牙甲组联赛,2020-11-21T21:00:00,莱万特,艾尔切,1月1日,Macauslot,1.67,3.68,4.25,1.4,4.4,6
1913872,西班牙甲组联赛,2020-11-21T21:00:00,莱万特,艾尔切,1月1日,William Hill,2.38,3.2,3.2,1.44,4.4,7.5
1913915,西班牙甲组联赛,2020-12-20T04:00:00,塞维利亚,巴拉多利德,1月1日,Bet 365,1.5,3.75,7.5,1.4,4.5,8.5
1913915,西班牙甲组联赛,2020-12-20T04:00:00,塞维利亚,巴拉多利德,1月1日,Lottery Official,1.4,3.55,7,1.34,3.83,7.6
1913915,西班牙甲组联赛,2020-12-20T04:00:00,塞维利亚,巴拉多利德,1月1日,Macauslot,1.48,3.71,6,1.4,4,6.8
1913915,西班牙甲组联赛,2020-12-20T04:00:00,塞维利亚,巴拉多利德,1月1日,William Hill,1.44,4,9,1.44,4.2,8.5
1913984,西班牙甲组联赛,2021-02-01T04:00:00,巴塞罗那,毕尔巴鄂竞技,2月1日,Bet 365,1.36,5,7.5,1.45,4.75,6.5
1913984,西班牙甲组联赛,2021-02-01T04:00:00,巴塞罗那,毕尔巴鄂竞技,2月1日,Easybets,1.41,5.1,7.2,1.52,4.7,5.8
1913984,西班牙甲组联赛,2021-02-01T04:00:00,巴塞罗那,毕尔巴鄂竞技,2月1日,Lottery Official,1.25,4.9,7.5,1.25,4.9,7.5
1913984,西班牙甲组联赛,2021-02-01T04:00:00,巴塞罗那,毕尔巴鄂竞技,2月1日,Macauslot,1.38,4.7,6.1,1.42,4.7,5.4
1913984,西班牙甲组联赛,2021-02-01T04:00:00,巴塞罗那,毕尔巴鄂竞技,2月1日,William Hill,1.36,5,8.5,1.44,4.75,6.5
1914090,西班牙甲组联赛,2021-04-26T00:30:00,塞维利亚,格拉纳达,2月1日,Bet 365,1.44,4.33,7,1.44,4.5,7
1914090,西班牙甲组联赛,2021-04-26T00:30:00,塞维利亚,格拉纳达,2月1日,Easybets,1.47,4.3,6,1.46,4.5,7.3
1914090,西班牙甲组联赛,2021-04-26T00:30:00,塞维利亚,格拉纳达,2月1日,Lottery Official,1.3,4.2,7.1,1.26,4.55,7.35
1914090,西班牙甲组联赛,2021-04-26T00:30:00,塞维利亚,格拉纳达,2月1日,Macauslot,1.38,4.4,6.7,1.38,4.4,6.7
1914090,西班牙甲组联赛,2021-04-26T00:30:00,塞维利亚,格拉纳达,2月1日,William Hill,1.5,4.33,7,1.44,4.4,7.5
1914146,西班牙甲组联赛,2021-05-17T00:30:00,皇家社会,巴拉多利德,4月1日,Bet 365,1.67,3.4,6,1.44,4.2,8
1914146,西班牙甲组联赛,2021-05-17T00:30:00,皇家社会,巴拉多利德,4月1日,Easybets,1.73,3.9,4.9,1.47,4.5,7.4
1914146,西班牙甲组联赛,2021-05-17T00:30:00,皇家社会,巴拉多利德,4月1日,Lottery Official,1.49,3.58,5.05,1.38,3.9,6
1914146,西班牙甲组联赛,2021-05-17T00:30:00,皇家社会,巴拉多利德,4月1日,Macauslot,1.63,3.63,4.6,1.4,4.1,6.8
1914146,西班牙甲组联赛,2021-05-17T00:30:00,皇家社会,巴拉多利德,4月1日,William Hill,1.67,3.6,5.8,1.44,4.33,7.5
1915340,意大利甲组联赛,2020-11-22T19:30:00,佛罗伦萨,贝内文托,0-1,Bet 365,1.57,4.33,5,1.45,4.75,6.5
1915340,意大利甲组联赛,2020-11-22T19:30:00,佛罗伦萨,贝内文托,0-1,Easybets,1.57,4.6,5.3,1.48,4.9,6.2
1915340,意大利甲组联赛,2020-11-22T19:30:00,佛罗伦萨,贝内文托,0-1,Lottery Official,1.44,4.15,4.9,1.33,4.55,5.95
1915340,意大利甲组联赛,2020-11-22T19:30:00,佛罗伦萨,贝内文托,0-1,Macauslot,1.48,4.35,4.9,1.38,4.6,6
1915340,意大利甲组联赛,2020-11-22T19:30:00,佛罗伦萨,贝内文托,0-1,William Hill,1.62,4.2,5,1.44,4.4,7
1915361,意大利甲组联赛,2020-12-06T03:45:00,国际米兰,博洛尼亚,3月1日,Bet 365,1.4,5,7,1.44,4.75,6.5
1915361,意大利甲组联赛,2020-12-06T03:45:00,国际米兰,博洛尼亚,3月1日,Lottery Official,1.37,4.5,5.35,1.35,4.6,5.55
1915361,意大利甲组联赛,2020-12-06T03:45:00,国际米兰,博洛尼亚,3月1日,Macauslot,1.43,4.7,5.05,1.43,4.7,5.05
1915361,意大利甲组联赛,2020-12-06T03:45:00,国际米兰,博洛尼亚,3月1日,William Hill,1.4,4.8,7,1.44,4.6,6.5
1915415,意大利甲组联赛,2021-01-04T03:45:00,尤文图斯,乌迪内斯,4月1日,Bet 365,1.4,4.75,7.5,1.44,4.5,7
1915415,意大利甲组联赛,2021-01-04T03:45:00,尤文图斯,乌迪内斯,4月1日,Easybets,1.43,4.7,7.6,1.52,4.4,6.5
1915415,意大利甲组联赛,2021-01-04T03:45:00,尤文图斯,乌迪内斯,4月1日,Lottery Official,1.28,4.5,7.35,1.36,4.1,6.25
1915415,意大利甲组联赛,2021-01-04T03:45:00,尤文图斯,乌迪内斯,4月1日,Macauslot,1.35,4.35,7.1,1.4,4.35,6
1915415,意大利甲组联赛,2021-01-04T03:45:00,尤文图斯,乌迪内斯,4月1日,William Hill,1.3,4.75,12,1.44,4.2,8
1915449,意大利甲组联赛,2021-01-23T22:00:00,罗马,斯佩齐亚,4月3日,Bet 365,1.29,5.5,9,1.44,4.75,6.5
1915449,意大利甲组联赛,2021-01-23T22:00:00,罗马,斯佩齐亚,4月3日,Easybets,1.37,5.2,8.3,1.46,4.9,6.6
1915449,意大利甲组联赛,2021-01-23T22:00:00,罗马,斯佩齐亚,4月3日,Lottery Official,1.29,4.75,6.5,1.33,4.6,5.9
1915449,意大利甲组联赛,2021-01-23T22:00:00,罗马,斯佩齐亚,4月3日,Macauslot,1.28,4.9,7.8,1.32,4.9,6.6
1915449,意大利甲组联赛,2021-01-23T22:00:00,罗马,斯佩齐亚,4月3日,William Hill,1.3,5,10,1.44,4.6,6.5
1915469,意大利甲组联赛,2021-02-06T22:00:00,亚特兰大,都灵,3月3日,Bet 365,1.4,4.5,7.5,1.44,4.75,6.5
1915469,意大利甲组联赛,2021-02-06T22:00:00,亚特兰大,都灵,3月3日,Easybets,1.32,5.2,7.6,1.48,4.6,6.9
1915469,意大利甲组联赛,2021-02-06T22:00:00,亚特兰大,都灵,3月3日,Lottery Official,1.29,4.7,6.6,1.32,4.5,6.25
1915469,意大利甲组联赛,2021-02-06T22:00:00,亚特兰大,都灵,3月3日,Macauslot,1.33,4.9,6.5,1.38,4.5,6.15
1915469,意大利甲组联赛,2021-02-06T22:00:00,亚特兰大,都灵,3月3日,William Hill,1.36,4.75,8.5,1.44,4.5,7
1915549,意大利甲组联赛,2021-04-03T21:00:00,亚特兰大,乌迪内斯,3月2日,Bet 365,1.44,4.5,7.5,1.4,4.5,7.5
1915549,意大利甲组联赛,2021-04-03T21:00:00,亚特兰大,乌迪内斯,3月2日,Easybets,1.46,4.4,7.3,1.46,4.7,7.1
1915549,意大利甲组联赛,2021-04-03T21:00:00,亚特兰大,乌迪内斯,3月2日,Macauslot,1.38,4.2,6.9,1.38,4.2,6.9
1915549,意大利甲组联赛,2021-04-03T21:00:00,亚特兰大,乌迪内斯,3月2日,William Hill,1.44,4.33,7.5,1.44,4.33,8
1915554,意大利甲组联赛,2021-04-03T21:00:00,拉齐奥,斯佩齐亚,2月1日,Bet 365,1.36,4.75,7.5,1.5,4.33,6.5
1915554,意大利甲组联赛,2021-04-03T21:00:00,拉齐奥,斯佩齐亚,2月1日,Easybets,1.37,5.2,7.6,1.52,4.6,6
1915554,意大利甲组联赛,2021-04-03T21:00:00,拉齐奥,斯佩齐亚,2月1日,Macauslot,1.31,4.95,7.2,1.4,4.6,5.8
1915554,意大利甲组联赛,2021-04-03T21:00:00,拉齐奥,斯佩齐亚,2月1日,William Hill,1.4,4.5,8,1.44,4.33,7.5
1915612,意大利甲组联赛,2021-05-08T23:59:00,国际米兰,桑普多利亚,5月1日,Bet 365,1.33,5,9,1.45,4.75,6.5
1915612,意大利甲组联赛,2021-05-08T23:59:00,国际米兰,桑普多利亚,5月1日,Easybets,1.39,5,8,1.48,4.7,6.7
1915612,意大利甲组联赛,2021-05-08T23:59:00,国际米兰,桑普多利亚,5月1日,Macauslot,1.31,4.9,7.1,1.38,4.5,6.3
1915612,意大利甲组联赛,2021-05-08T23:59:00,国际米兰,桑普多利亚,5月1日,William Hill,1.3,5.5,9.5,1.44,4.6,7
1915642,意大利甲组联赛,2021-05-23T21:00:00,国际米兰,乌迪内斯,5月1日,Bet 365,1.44,4.75,6,1.45,4.75,6.5
1915642,意大利甲组联赛,2021-05-23T21:00:00,国际米兰,乌迪内斯,5月1日,Easybets,1.38,5.4,7.4,1.49,4.8,6.1
1915642,意大利甲组联赛,2021-05-23T21:00:00,国际米兰,乌迪内斯,5月1日,Lottery Official,1.21,5.45,7.75,1.34,4.75,5.5
1915642,意大利甲组联赛,2021-05-23T21:00:00,国际米兰,乌迪内斯,5月1日,Macauslot,1.31,5.1,7,1.34,5.1,6.25
1915642,意大利甲组联赛,2021-05-23T21:00:00,国际米兰,乌迪内斯,5月1日,William Hill,1.5,4.5,5.8,1.44,5,6.5
2027817,英格兰超级联赛,2021-08-29T21:00:00,托特纳姆热刺,沃特福德,1-0,Bet 365,1.44,4.2,7.5,1.4,4.5,8.5
2027817,英格兰超级联赛,2021-08-29T21:00:00,托特纳姆热刺,沃特福德,1-0,Easybets,1.44,4.6,8,1.47,4.5,7.3
2027817,英格兰超级联赛,2021-08-29T21:00:00,托特纳姆热刺,沃特福德,1-0,Lottery Official,1.3,4.2,7.6,1.31,4.2,7.25
2027817,英格兰超级联赛,2021-08-29T21:00:00,托特纳姆热刺,沃特福德,1-0,Macauslot,1.4,3.9,7,1.36,4.2,7.15
2027817,英格兰超级联赛,2021-08-29T21:00:00,托特纳姆热刺,沃特福德,1-0,William Hill,1.44,4.33,8.5,1.44,4.2,8.5
2027896,英格兰超级联赛,2021-11-07T22:00:00,阿森纳,沃特福德,1-0,Bet 365,1.5,4.33,6.5,1.44,4.75,6.5
2027896,英格兰超级联赛,2021-11-07T22:00:00,阿森纳,沃特福德,1-0,Easybets,1.42,4.7,8,1.44,4.8,7.2
2027896,英格兰超级联赛,2021-11-07T22:00:00,阿森纳,沃特福德,1-0,Macauslot,1.33,4.65,7.2,1.33,4.65,7.2
2027896,英格兰超级联赛,2021-11-07T22:00:00,阿森纳,沃特福德,1-0,William Hill,1.5,4.4,6.5,1.44,4.5,8
2027902,英格兰超级联赛,2021-11-21T01:30:00,利物浦,阿森纳,4-0,Bet 365,1.44,4.75,6,1.5,4.75,5.75
2027902,英格兰超级联赛,2021-11-21T01:30:00,利物浦,阿森纳,4-0,Easybets,1.46,4.7,7,1.53,4.7,5.6
2027902,英格兰超级联赛,2021-11-21T01:30:00,利物浦,阿森纳,4-0,Lottery Official,1.36,4.35,5.75,1.32,4.5,6.25
2027902,英格兰超级联赛,2021-11-21T01:30:00,利物浦,阿森纳,4-0,Macauslot,1.35,4.65,6.5,1.4,4.65,5.55
2027902,英格兰超级联赛,2021-11-21T01:30:00,利物浦,阿森纳,4-0,William Hill,1.44,4.6,7,1.44,4.6,6.5
2028098,英格兰超级联赛,2022-04-02T22:00:00,布莱顿,诺维奇,0-0,Bet 365,1.57,3.8,6,1.5,4.2,7
2028098,英格兰超级联赛,2022-04-02T22:00:00,布莱顿,诺维奇,0-0,Easybets,1.47,4.2,8,1.5,4.2,7.4
2028098,英格兰超级联赛,2022-04-02T22:00:00,布莱顿,诺维奇,0-0,Macauslot,1.38,3.97,7.6,1.38,3.97,7.6
2028098,英格兰超级联赛,2022-04-02T22:00:00,布莱顿,诺维奇,0-0,William Hill,1.55,3.9,6.5,1.44,4.2,8
2028142,英格兰超级联赛,2022-05-08T02:45:00,利物浦,托特纳姆热刺,1月1日,Bet 365,1.36,5,7.5,1.4,5.25,6.5
2028142,英格兰超级联赛,2022-05-08T02:45:00,利物浦,托特纳姆热刺,1月1日,Easybets,1.46,5,6.4,1.43,5.2,6.7
2028142,英格兰超级联赛,2022-05-08T02:45:00,利物浦,托特纳姆热刺,1月1日,Lottery Official,1.34,4.45,6,1.35,4.45,5.75
2028142,英格兰超级联赛,2022-05-08T02:45:00,利物浦,托特纳姆热刺,1月1日,Macauslot,1.35,4.8,6.2,1.35,4.8,6.2
2028142,英格兰超级联赛,2022-05-08T02:45:00,利物浦,托特纳姆热刺,1月1日,William Hill,1.5,4.5,6,1.44,4.8,6.5
2028156,英格兰超级联赛,2022-05-15T21:00:00,狼队,诺维奇,1月1日,Bet 365,1.5,4.2,6.5,1.55,4.5,5.75
2028156,英格兰超级联赛,2022-05-15T21:00:00,狼队,诺维奇,1月1日,Easybets,1.46,4.6,7.1,1.57,4.5,5.5
2028156,英格兰超级联赛,2022-05-15T21:00:00,狼队,诺维奇,1月1日,Lottery Official,1.32,4.2,7,1.35,4.15,6.35
2028156,英格兰超级联赛,2022-05-15T21:00:00,狼队,诺维奇,1月1日,Macauslot,1.45,4,6,1.4,4,6.7
2028156,英格兰超级联赛,2022-05-15T21:00:00,狼队,诺维奇,1月1日,William Hill,1.5,3.9,7.5,1.44,4.6,6.5
2032698,德国甲组联赛,2021-08-15T00:30:00,多特蒙德,法兰克福,5月2日,Bet 365,1.4,5.5,6,1.45,5,5.75
2032698,德国甲组联赛,2021-08-15T00:30:00,多特蒙德,法兰克福,5月2日,Easybets,1.43,5,5.5,1.5,5,5.7
2032698,德国甲组联赛,2021-08-15T00:30:00,多特蒙德,法兰克福,5月2日,Lottery Official,1.32,4.8,5.8,1.28,5,6.35
2032698,德国甲组联赛,2021-08-15T00:30:00,多特蒙德,法兰克福,5月2日,Macauslot,1.4,4.9,5.4,1.4,4.9,5.4
2032698,德国甲组联赛,2021-08-15T00:30:00,多特蒙德,法兰克福,5月2日,William Hill,1.44,5,6.5,1.44,5,6
2032699,德国甲组联赛,2021-08-14T21:30:00,沃尔夫斯堡,波鸿,1-0,Bet 365,1.44,4.5,6.5,1.4,5,7
2032699,德国甲组联赛,2021-08-14T21:30:00,沃尔夫斯堡,波鸿,1-0,Easybets,1.5,4.5,5.3,1.43,4.9,7.3
2032699,德国甲组联赛,2021-08-14T21:30:00,沃尔夫斯堡,波鸿,1-0,Lottery Official,1.34,4.3,6.25,1.32,4.4,6.5
2032699,德国甲组联赛,2021-08-14T21:30:00,沃尔夫斯堡,波鸿,1-0,Macauslot,1.45,4.35,5.3,1.38,4.5,6.3
2032699,德国甲组联赛,2021-08-14T21:30:00,沃尔夫斯堡,波鸿,1-0,William Hill,1.5,4.5,6.5,1.44,4.75,7.5
2032790,德国甲组联赛,2021-10-30T21:30:00,多特蒙德,科隆,2-0,Bet 365,1.36,5.75,7,1.45,4.75,6.5
2032790,德国甲组联赛,2021-10-30T21:30:00,多特蒙德,科隆,2-0,Easybets,1.46,5,6,1.47,4.9,6.4
2032790,德国甲组联赛,2021-10-30T21:30:00,多特蒙德,科隆,2-0,Macauslot,1.38,4.75,5.7,1.38,4.75,5.7
2032790,德国甲组联赛,2021-10-30T21:30:00,多特蒙德,科隆,2-0,William Hill,1.4,5.5,7,1.44,4.6,7
2032806,德国甲组联赛,2021-11-20T22:30:00,勒沃库森,波鸿,1-0,Bet 365,1.33,5,8.5,1.44,4.75,6.5
2032806,德国甲组联赛,2021-11-20T22:30:00,勒沃库森,波鸿,1-0,Easybets,1.39,5.3,7.4,1.47,4.9,6.5
2032806,德国甲组联赛,2021-11-20T22:30:00,勒沃库森,波鸿,1-0,Macauslot,1.32,5,6.8,1.38,4.6,6.15
2032806,德国甲组联赛,2021-11-20T22:30:00,勒沃库森,波鸿,1-0,William Hill,1.36,5,8.5,1.44,4.75,7
2032945,德国甲组联赛,2022-04-02T21:30:00,勒沃库森,柏林赫塔,2月1日,Bet 365,1.36,5.5,7,1.4,4.75,7
2032945,德国甲组联赛,2022-04-02T21:30:00,勒沃库森,柏林赫塔,2月1日,Easybets,1.43,5,7,1.44,4.8,7.3
2032945,德国甲组联赛,2022-04-02T21:30:00,勒沃库森,柏林赫塔,2月1日,Lottery Official,1.29,4.75,6.5,1.29,4.75,6.5
2032945,德国甲组联赛,2022-04-02T21:30:00,勒沃库森,柏林赫塔,2月1日,Macauslot,1.35,4.7,6.6,1.34,4.7,6.85
2032945,德国甲组联赛,2022-04-02T21:30:00,勒沃库森,柏林赫塔,2月1日,William Hill,1.33,5,8.5,1.44,4.5,7
2032960,德国甲组联赛,2022-04-11T01:30:00,RB莱比锡,霍芬海姆,3-0,Bet 365,1.53,4.33,5.5,1.44,5,6
2032960,德国甲组联赛,2022-04-11T01:30:00,RB莱比锡,霍芬海姆,3-0,Easybets,1.57,4.8,5.1,1.44,5.1,6.6
2032960,德国甲组联赛,2022-04-11T01:30:00,RB莱比锡,霍芬海姆,3-0,Macauslot,1.48,4.5,4.8,1.35,4.8,6.4
2032960,德国甲组联赛,2022-04-11T01:30:00,RB莱比锡,霍芬海姆,3-0,William Hill,1.53,4.2,5.8,1.44,4.75,7
2032974,德国甲组联赛,2022-04-23T21:30:00,科隆,比勒菲尔德,3月1日,Bet 365,1.57,4,5.5,1.4,4.75,8
2032974,德国甲组联赛,2022-04-23T21:30:00,科隆,比勒菲尔德,3月1日,Easybets,1.58,4.2,6,1.4,4.9,8.3
2032974,德国甲组联赛,2022-04-23T21:30:00,科隆,比勒菲尔德,3月1日,Macauslot,1.48,3.91,5.7,1.4,4.3,6.3
2032974,德国甲组联赛,2022-04-23T21:30:00,科隆,比勒菲尔德,3月1日,William Hill,1.67,3.8,5,1.44,4.5,7.5
2032980,德国甲组联赛,2022-05-03T02:30:00,勒沃库森,法兰克福,2-0,Bet 365,1.65,4,5,1.5,4.75,6
2032980,德国甲组联赛,2022-05-03T02:30:00,勒沃库森,法兰克福,2-0,Easybets,1.61,4.4,5.3,1.48,4.9,6.1
2032980,德国甲组联赛,2022-05-03T02:30:00,勒沃库森,法兰克福,2-0,Macauslot,1.51,4.1,5,1.35,5,6.1
2032980,德国甲组联赛,2022-05-03T02:30:00,勒沃库森,法兰克福,2-0,William Hill,1.85,3.7,4,1.44,5,6
2034617,法国甲组联赛,2021-08-07T03:00:00,摩纳哥,南特,1月1日,Bet 365,1.44,4.33,7,1.4,4.75,7.5
2034617,法国甲组联赛,2021-08-07T03:00:00,摩纳哥,南特,1月1日,Easybets,1.47,4.5,5.7,1.43,4.6,7.4
2034617,法国甲组联赛,2021-08-07T03:00:00,摩纳哥,南特,1月1日,Lottery Official,1.33,4.2,6.7,1.3,4.35,7.2
2034617,法国甲组联赛,2021-08-07T03:00:00,摩纳哥,南特,1月1日,Macauslot,1.43,4.35,5.5,1.38,4.3,6.5
2034617,法国甲组联赛,2021-08-07T03:00:00,摩纳哥,南特,1月1日,William Hill,1.5,4.4,6.5,1.44,4.5,7.5
2034620,法国甲组联赛,2021-08-16T02:45:00,马赛,波尔多,2月2日,Bet 365,2.05,3.3,3.6,1.45,4.33,7
2034620,法国甲组联赛,2021-08-16T02:45:00,马赛,波尔多,2月2日,Easybets,1.66,3.9,4.6,1.48,4.4,6.6
2034620,法国甲组联赛,2021-08-16T02:45:00,马赛,波尔多,2月2日,Macauslot,1.63,3.71,4.5,1.4,4.3,6.3
2034620,法国甲组联赛,2021-08-16T02:45:00,马赛,波尔多,2月2日,William Hill,2.05,3.4,3.7,1.44,4.33,7.5
2034671,法国甲组联赛,2021-09-23T01:00:00,摩纳哥,圣埃蒂安,3月1日,Bet 365,1.53,4,6,1.44,4.5,7
2034671,法国甲组联赛,2021-09-23T01:00:00,摩纳哥,圣埃蒂安,3月1日,Easybets,1.56,4.4,5.5,1.45,4.7,6.9
2034671,法国甲组联赛,2021-09-23T01:00:00,摩纳哥,圣埃蒂安,3月1日,Macauslot,1.55,3.81,4.9,1.34,4.6,6.6
2034671,法国甲组联赛,2021-09-23T01:00:00,摩纳哥,圣埃蒂安,3月1日,William Hill,1.57,4,6,1.44,4.4,7.5
2034711,法国甲组联赛,2021-10-24T21:00:00,朗斯,梅斯,4月1日,Bet 365,1.6,4.2,5.25,1.4,4.5,7.5
2034711,法国甲组联赛,2021-10-24T21:00:00,朗斯,梅斯,4月1日,Easybets,1.65,3.8,4.8,1.43,4.6,7.5
2034711,法国甲组联赛,2021-10-24T21:00:00,朗斯,梅斯,4月1日,Lottery Official,1.46,3.65,5.6,1.31,4.1,7.6
2034711,法国甲组联赛,2021-10-24T21:00:00,朗斯,梅斯,4月1日,Macauslot,1.58,3.8,4.75,1.4,4.2,6.5
2034711,法国甲组联赛,2021-10-24T21:00:00,朗斯,梅斯,4月1日,William Hill,1.62,4,5.5,1.44,4.4,8.5
2034712,法国甲组联赛,2021-10-24T03:00:00,里尔,布雷斯特,1月1日,Bet 365,1.53,4.33,5.75,1.45,4.2,7.5
2034712,法国甲组联赛,2021-10-24T03:00:00,里尔,布雷斯特,1月1日,Easybets,1.61,3.9,5,1.49,4.4,6.6
2034712,法国甲组联赛,2021-10-24T03:00:00,里尔,布雷斯特,1月1日,Lottery Official,1.4,3.8,6.25,1.31,4.3,6.95
2034712,法国甲组联赛,2021-10-24T03:00:00,里尔,布雷斯特,1月1日,Macauslot,1.53,3.91,4.95,1.4,4.2,6.3
2034712,法国甲组联赛,2021-10-24T03:00:00,里尔,布雷斯特,1月1日,William Hill,1.57,4.2,5.8,1.44,4.4,8
2034714,法国甲组联赛,2021-10-24T23:00:00,摩纳哥,蒙彼利埃,3月1日,Bet 365,1.36,5,7.5,1.44,4.75,7
2034714,法国甲组联赛,2021-10-24T23:00:00,摩纳哥,蒙彼利埃,3月1日,Easybets,1.43,4.7,6,1.46,4.8,6.5
2034714,法国甲组联赛,2021-10-24T23:00:00,摩纳哥,蒙彼利埃,3月1日,Macauslot,1.4,4.55,5.8,1.38,4.55,6.2
2034714,法国甲组联赛,2021-10-24T23:00:00,摩纳哥,蒙彼利埃,3月1日,William Hill,1.4,4.8,8,1.44,4.5,7.5
2034745,法国甲组联赛,2021-11-21T04:00:00,雷恩,蒙彼利埃,2-0,Bet 365,1.62,4,5,1.45,4.5,7
2034745,法国甲组联赛,2021-11-21T04:00:00,雷恩,蒙彼利埃,2-0,Easybets,1.52,4.7,5.6,1.45,4.8,6.4
2034745,法国甲组联赛,2021-11-21T04:00:00,雷恩,蒙彼利埃,2-0,Lottery Official,1.42,3.85,5.7,1.28,4.5,7.35
2034745,法国甲组联赛,2021-11-21T04:00:00,雷恩,蒙彼利埃,2-0,Macauslot,1.45,4.4,5.25,1.4,4.3,6.2
2034745,法国甲组联赛,2021-11-21T04:00:00,雷恩,蒙彼利埃,2-0,William Hill,1.62,4,5.5,1.44,4.5,7
2034754,法国甲组联赛,2021-11-29T03:45:00,马赛,特鲁瓦,1-0,Bet 365,1.44,4.5,6,1.4,4.5,8
2034754,法国甲组联赛,2021-11-29T03:45:00,马赛,特鲁瓦,1-0,Easybets,1.49,4.7,6.1,1.41,4.9,7.5
2034754,法国甲组联赛,2021-11-29T03:45:00,马赛,特鲁瓦,1-0,Macauslot,1.4,4.45,6.1,1.4,4.45,6.1
2034754,法国甲组联赛,2021-11-29T03:45:00,马赛,特鲁瓦,1-0,William Hill,1.44,4.6,7,1.44,4.5,7.5
2034811,法国甲组联赛,2022-01-16T20:00:00,雷恩,波尔多,6-0,Bet 365,1.4,4.75,7,1.44,5,6.5
2034811,法国甲组联赛,2022-01-16T20:00:00,雷恩,波尔多,6-0,Easybets,1.39,5,7.5,1.42,4.9,6.9
2034811,法国甲组联赛,2022-01-16T20:00:00,雷恩,波尔多,6-0,Macauslot,1.32,4.75,7.1,1.42,4.75,5.15
2034811,法国甲组联赛,2022-01-16T20:00:00,雷恩,波尔多,6-0,William Hill,1.4,4.6,8,1.44,4.5,7
2034832,法国甲组联赛,2022-02-06T23:59:00,雷恩,布雷斯特,2-0,Bet 365,1.57,4,5.5,1.45,4.33,7
2034832,法国甲组联赛,2022-02-06T23:59:00,雷恩,布雷斯特,2-0,Easybets,1.58,4.1,5.7,1.46,4.5,7.1
2034832,法国甲组联赛,2022-02-06T23:59:00,雷恩,布雷斯特,2-0,Macauslot,1.5,3.95,5.45,1.42,4,6.65
2034832,法国甲组联赛,2022-02-06T23:59:00,雷恩,布雷斯特,2-0,William Hill,1.57,4,5.8,1.44,4.2,7.5
2034856,法国甲组联赛,2022-02-21T03:45:00,马赛,克莱蒙,0-2,Bet 365,1.44,4.2,7.5,1.5,4.33,6
2034856,法国甲组联赛,2022-02-21T03:45:00,马赛,克莱蒙,0-2,Easybets,1.45,4.6,7.1,1.44,4.7,6.9
2034856,法国甲组联赛,2022-02-21T03:45:00,马赛,克莱蒙,0-2,Lottery Official,1.34,4.05,6.9,1.34,4.05,6.9
2034856,法国甲组联赛,2022-02-21T03:45:00,马赛,克莱蒙,0-2,Macauslot,1.35,4.45,7.1,1.4,4.3,6.3
2034856,法国甲组联赛,2022-02-21T03:45:00,马赛,克莱蒙,0-2,William Hill,1.5,4.33,6.5,1.44,4.4,7
2034862,法国甲组联赛,2022-02-27T20:00:00,摩纳哥,兰斯,1月2日,Bet 365,1.53,3.8,5.75,1.44,4.33,7.5
2034862,法国甲组联赛,2022-02-27T20:00:00,摩纳哥,兰斯,1月2日,Easybets,1.54,4.3,6,1.42,4.5,8.2
2034862,法国甲组联赛,2022-02-27T20:00:00,摩纳哥,兰斯,1月2日,Lottery Official,1.29,4.1,8.3,1.29,4.1,8.3
2034862,法国甲组联赛,2022-02-27T20:00:00,摩纳哥,兰斯,1月2日,Macauslot,1.47,4.05,5.7,1.42,4.15,6.25
2034862,法国甲组联赛,2022-02-27T20:00:00,摩纳哥,兰斯,1月2日,William Hill,1.6,3.8,5.8,1.44,4.2,8
2034916,法国甲组联赛,2022-04-11T03:00:00,马赛,蒙彼利埃,2-0,Bet 365,1.5,4.33,6,1.45,4.75,6.5
2034916,法国甲组联赛,2022-04-11T03:00:00,马赛,蒙彼利埃,2-0,Easybets,1.52,4.5,5.8,1.47,4.6,6.4
2034916,法国甲组联赛,2022-04-11T03:00:00,马赛,蒙彼利埃,2-0,Macauslot,1.45,4.3,5.5,1.4,4.3,6.3
2034916,法国甲组联赛,2022-04-11T03:00:00,马赛,蒙彼利埃,2-0,William Hill,1.5,4.2,6.5,1.44,4.5,7
2034935,法国甲组联赛,2022-04-21T03:00:00,朗斯,蒙彼利埃,2-0,Bet 365,1.91,3.4,4.2,1.5,4.2,7.5
2034935,法国甲组联赛,2022-04-21T03:00:00,朗斯,蒙彼利埃,2-0,Easybets,1.8,3.9,4.3,1.43,4.7,7.4
2034935,法国甲组联赛,2022-04-21T03:00:00,朗斯,蒙彼利埃,2-0,Macauslot,1.71,3.65,4.05,1.42,4.2,6.1
2034935,法国甲组联赛,2022-04-21T03:00:00,朗斯,蒙彼利埃,2-0,William Hill,1.8,3.8,4.33,1.44,4.2,8
2034943,法国甲组联赛,2022-04-24T21:00:00,尼斯,特鲁瓦,1-0,Bet 365,1.62,3.8,5.5,1.45,4.75,7
2034943,法国甲组联赛,2022-04-24T21:00:00,尼斯,特鲁瓦,1-0,Easybets,1.65,4,5.1,1.48,4.4,6.8
2034943,法国甲组联赛,2022-04-24T21:00:00,尼斯,特鲁瓦,1-0,Lottery Official,1.41,3.65,6.45,1.34,3.9,7.3
2034943,法国甲组联赛,2022-04-24T21:00:00,尼斯,特鲁瓦,1-0,Macauslot,1.55,3.81,4.95,1.38,4.4,6.35
2034943,法国甲组联赛,2022-04-24T21:00:00,尼斯,特鲁瓦,1-0,William Hill,1.62,3.8,5.5,1.44,4.2,7.5
2034975,法国甲组联赛,2022-05-15T03:00:00,斯特拉斯堡,克莱蒙,1-0,Bet 365,1.5,4.5,6,1.4,4.75,7.5
2034975,法国甲组联赛,2022-05-15T03:00:00,斯特拉斯堡,克莱蒙,1-0,Easybets,1.46,4.6,6.8,1.4,4.6,8.4
2034975,法国甲组联赛,2022-05-15T03:00:00,斯特拉斯堡,克莱蒙,1-0,Lottery Official,1.38,4.1,5.9,1.36,4.15,6.15
2034975,法国甲组联赛,2022-05-15T03:00:00,斯特拉斯堡,克莱蒙,1-0,Macauslot,1.38,4.35,6.5,1.38,4.35,6.5
2034975,法国甲组联赛,2022-05-15T03:00:00,斯特拉斯堡,克莱蒙,1-0,William Hill,1.44,4.2,7.5,1.44,4.33,8
2034977,法国甲组联赛,2022-05-15T03:00:00,里昂,南特,3月2日,Bet 365,1.33,5.5,8,1.45,5.25,5.5
2034977,法国甲组联赛,2022-05-15T03:00:00,里昂,南特,3月2日,Easybets,1.37,5.4,7.2,1.52,4.9,5.1
2034977,法国甲组联赛,2022-05-15T03:00:00,里昂,南特,3月2日,Lottery Official,1.34,4.8,5.4,1.32,4.9,5.65
2034977,法国甲组联赛,2022-05-15T03:00:00,里昂,南特,3月2日,Macauslot,1.31,5.05,6.9,1.45,4.8,4.75
2034977,法国甲组联赛,2022-05-15T03:00:00,里昂,南特,3月2日,William Hill,1.35,4.8,9,1.44,5,5.8
2038351,西班牙甲组联赛,2021-08-22T23:00:00,皇家社会,巴列卡诺,1-0,Bet 365,1.53,4,6.5,1.44,4.33,8.5
2038351,西班牙甲组联赛,2021-08-22T23:00:00,皇家社会,巴列卡诺,1-0,Easybets,1.5,4.2,5.7,1.45,4.6,7.4
2038351,西班牙甲组联赛,2021-08-22T23:00:00,皇家社会,巴列卡诺,1-0,Macauslot,1.47,4.05,5.6,1.4,4.3,6.3
2038351,西班牙甲组联赛,2021-08-22T23:00:00,皇家社会,巴列卡诺,1-0,William Hill,1.44,4.33,7.5,1.44,4.2,9
2038391,西班牙甲组联赛,2021-09-23T04:00:00,比利亚雷亚尔,艾尔切,4月1日,Bet 365,1.45,4,7.5,1.44,4.33,7.5
2038391,西班牙甲组联赛,2021-09-23T04:00:00,比利亚雷亚尔,艾尔切,4月1日,Easybets,1.56,4.1,6,1.49,4.3,7.5
2038391,西班牙甲组联赛,2021-09-23T04:00:00,比利亚雷亚尔,艾尔切,4月1日,Macauslot,1.48,3.75,5.9,1.4,4,6.8
2038391,西班牙甲组联赛,2021-09-23T04:00:00,比利亚雷亚尔,艾尔切,4月1日,William Hill,1.5,4.2,7,1.44,4.2,8
2038393,西班牙甲组联赛,2021-09-26T22:15:00,巴塞罗那,莱万特,3-0,Bet 365,1.33,5.25,8.5,1.44,4.5,7
2038393,西班牙甲组联赛,2021-09-26T22:15:00,巴塞罗那,莱万特,3-0,Easybets,1.37,5.3,7.5,1.48,4.6,6.9
2038393,西班牙甲组联赛,2021-09-26T22:15:00,巴塞罗那,莱万特,3-0,Macauslot,1.28,5.15,7.7,1.35,4.9,6.25
2038393,西班牙甲组联赛,2021-09-26T22:15:00,巴塞罗那,莱万特,3-0,William Hill,1.36,5,8.5,1.44,4.8,7
2038419,西班牙甲组联赛,2021-12-02T04:00:00,皇家马德里,毕尔巴鄂竞技,1-0,Bet 365,1.44,4.75,6.5,1.45,4.5,7
2038419,西班牙甲组联赛,2021-12-02T04:00:00,皇家马德里,毕尔巴鄂竞技,1-0,Easybets,1.44,4.5,8.1,1.48,4.5,7
2038419,西班牙甲组联赛,2021-12-02T04:00:00,皇家马德里,毕尔巴鄂竞技,1-0,Lottery Official,1.33,4.3,6.5,1.35,4.15,6.35
2038419,西班牙甲组联赛,2021-12-02T04:00:00,皇家马德里,毕尔巴鄂竞技,1-0,Macauslot,1.43,3.93,6.5,1.4,4.2,6.5
2038419,西班牙甲组联赛,2021-12-02T04:00:00,皇家马德里,毕尔巴鄂竞技,1-0,William Hill,1.5,4.2,7.5,1.44,4.4,7.5
2038430,西班牙甲组联赛,2021-10-24T20:00:00,塞维利亚,莱万特,5月3日,Bet 365,1.45,4.2,7,1.45,4.33,7.5
2038430,西班牙甲组联赛,2021-10-24T20:00:00,塞维利亚,莱万特,5月3日,Easybets,1.48,4.6,6.4,1.49,4.2,7.6
2038430,西班牙甲组联赛,2021-10-24T20:00:00,塞维利亚,莱万特,5月3日,Macauslot,1.41,4.35,6.1,1.41,4.35,6.1
2038430,西班牙甲组联赛,2021-10-24T20:00:00,塞维利亚,莱万特,5月3日,William Hill,1.5,4.2,7,1.44,4.2,8
2038462,西班牙甲组联赛,2021-11-21T01:30:00,马德里竞技,奥萨苏纳,1-0,Bet 365,1.4,4.5,8,1.45,4.2,8
2038462,西班牙甲组联赛,2021-11-21T01:30:00,马德里竞技,奥萨苏纳,1-0,Easybets,1.38,4.9,9,1.47,4.1,8.3
2038462,西班牙甲组联赛,2021-11-21T01:30:00,马德里竞技,奥萨苏纳,1-0,Macauslot,1.3,4.5,8.8,1.35,4.4,7.3
2038462,西班牙甲组联赛,2021-11-21T01:30:00,马德里竞技,奥萨苏纳,1-0,William Hill,1.36,4.6,10,1.44,4.2,8.5
2038471,西班牙甲组联赛,2021-11-20T23:15:00,塞维利亚,阿拉维斯,2月2日,Bet 365,1.44,4.2,7.5,1.44,4.2,8
2038471,西班牙甲组联赛,2021-11-20T23:15:00,塞维利亚,阿拉维斯,2月2日,Easybets,1.42,4.7,8.2,1.47,4.1,8.5
2038471,西班牙甲组联赛,2021-11-20T23:15:00,塞维利亚,阿拉维斯,2月2日,Macauslot,1.38,4.2,7.1,1.38,4.2,7.1
2038471,西班牙甲组联赛,2021-11-20T23:15:00,塞维利亚,阿拉维斯,2月2日,William Hill,1.36,4.75,9.5,1.44,4.2,8.5
2038551,西班牙甲组联赛,2022-01-22T23:15:00,比利亚雷亚尔,马洛卡,3-0,Bet 365,1.44,4.33,7,1.53,4,7
2038551,西班牙甲组联赛,2022-01-22T23:15:00,比利亚雷亚尔,马洛卡,3-0,Easybets,1.42,4.7,8.2,1.55,4.1,6.6
2038551,西班牙甲组联赛,2022-01-22T23:15:00,比利亚雷亚尔,马洛卡,3-0,Lottery Official,1.29,4.35,7.45,1.3,4.35,7.2
2038551,西班牙甲组联赛,2022-01-22T23:15:00,比利亚雷亚尔,马洛卡,3-0,Macauslot,1.38,4.35,6.5,1.42,4.2,6
2038551,西班牙甲组联赛,2022-01-22T23:15:00,比利亚雷亚尔,马洛卡,3-0,William Hill,1.5,4,7,1.44,4.2,7.5
2038563,西班牙甲组联赛,2022-02-13T04:00:00,马德里竞技,赫塔菲,4月3日,Bet 365,1.36,4.2,11,1.5,4,6.5
2038563,西班牙甲组联赛,2022-02-13T04:00:00,马德里竞技,赫塔菲,4月3日,Easybets,1.44,4.4,8.3,1.49,4.1,7.7
2038563,西班牙甲组联赛,2022-02-13T04:00:00,马德里竞技,赫塔菲,4月3日,Lottery Official,1.31,3.85,8.75,1.33,3.75,8.3
2038563,西班牙甲组联赛,2022-02-13T04:00:00,马德里竞技,赫塔菲,4月3日,Macauslot,1.35,4.15,7.8,1.4,4,6.9
2038563,西班牙甲组联赛,2022-02-13T04:00:00,马德里竞技,赫塔菲,4月3日,William Hill,1.4,4.2,9.5,1.44,3.9,8.5
2038640,西班牙甲组联赛,2022-04-09T03:00:00,塞维利亚,格拉纳达,4月2日,Bet 365,1.4,4.33,8,1.4,4.75,8.5
2038640,西班牙甲组联赛,2022-04-09T03:00:00,塞维利亚,格拉纳达,4月2日,Easybets,1.4,4.6,9.6,1.4,4.7,9.1
2038640,西班牙甲组联赛,2022-04-09T03:00:00,塞维利亚,格拉纳达,4月2日,Macauslot,1.32,4.3,9,1.35,4.2,8.2
2038640,西班牙甲组联赛,2022-04-09T03:00:00,塞维利亚,格拉纳达,4月2日,William Hill,1.4,4.2,9,1.44,4.33,8
2038669,西班牙甲组联赛,2022-04-30T22:15:00,皇家马德里,西班牙人,4-0,Bet 365,1.33,4.75,10,1.44,4.75,5.75
2038669,西班牙甲组联赛,2022-04-30T22:15:00,皇家马德里,西班牙人,4-0,Easybets,1.46,4.7,7,1.45,4.9,6.8
2038669,西班牙甲组联赛,2022-04-30T22:15:00,皇家马德里,西班牙人,4-0,Lottery Official,1.35,4.3,6.05,1.29,4.55,6.9
2038669,西班牙甲组联赛,2022-04-30T22:15:00,皇家马德里,西班牙人,4-0,Macauslot,1.36,4.5,6.6,1.39,4.5,6
2038669,西班牙甲组联赛,2022-04-30T22:15:00,皇家马德里,西班牙人,4-0,William Hill,1.33,4.6,11,1.44,4.75,6.5
2038683,西班牙甲组联赛,2022-05-11T03:30:00,巴塞罗那,塞尔塔,3月1日,Bet 365,1.4,5,7,1.4,4.75,6.5
2038683,西班牙甲组联赛,2022-05-11T03:30:00,巴塞罗那,塞尔塔,3月1日,Easybets,1.39,5.4,7.3,1.41,5.3,6.8
2038683,西班牙甲组联赛,2022-05-11T03:30:00,巴塞罗那,塞尔塔,3月1日,Lottery Official,1.27,4.8,7,1.28,4.75,6.75
2038683,西班牙甲组联赛,2022-05-11T03:30:00,巴塞罗那,塞尔塔,3月1日,Macauslot,1.33,4.9,6.6,1.33,4.9,6.6
2038683,西班牙甲组联赛,2022-05-11T03:30:00,巴塞罗那,塞尔塔,3月1日,William Hill,1.35,5,8.5,1.44,4.75,6.5
2038705,西班牙甲组联赛,2022-05-23T02:00:00,格拉纳达,西班牙人,0-0,Bet 365,1.53,4.2,6,1.44,4.75,6.5
2038705,西班牙甲组联赛,2022-05-23T02:00:00,格拉纳达,西班牙人,0-0,Easybets,1.48,4.7,6.5,1.45,4.8,6.9
2038705,西班牙甲组联赛,2022-05-23T02:00:00,格拉纳达,西班牙人,0-0,Lottery Official,1.29,4.6,6.8,1.26,4.9,7.1
2038705,西班牙甲组联赛,2022-05-23T02:00:00,格拉纳达,西班牙人,0-0,Macauslot,1.4,4.45,6.1,1.4,4.45,6.1
2038705,西班牙甲组联赛,2022-05-23T02:00:00,格拉纳达,西班牙人,0-0,William Hill,1.55,4,6,1.44,4.4,7
2053327,意大利甲组联赛,2021-08-30T02:45:00,AC米兰,卡利亚里,4月1日,Bet 365,1.33,5,8.5,1.44,4.2,6.5
2053327,意大利甲组联赛,2021-08-30T02:45:00,AC米兰,卡利亚里,4月1日,Easybets,1.43,4.9,7.2,1.5,4.6,6.4
2053327,意大利甲组联赛,2021-08-30T02:45:00,AC米兰,卡利亚里,4月1日,Lottery Official,1.33,4.4,6.25,1.31,4.5,6.5
2053327,意大利甲组联赛,2021-08-30T02:45:00,AC米兰,卡利亚里,4月1日,Macauslot,1.35,4.6,6.7,1.4,4.4,6
2053327,意大利甲组联赛,2021-08-30T02:45:00,AC米兰,卡利亚里,4月1日,William Hill,1.36,5,8.5,1.44,4.4,7.5
2053351,意大利甲组联赛,2021-09-19T23:59:00,拉齐奥,卡利亚里,2月2日,Bet 365,1.4,4.75,7,1.44,4.5,7
2053351,意大利甲组联赛,2021-09-19T23:59:00,拉齐奥,卡利亚里,2月2日,Easybets,1.44,4.5,6.1,1.46,4.7,6.9
2053351,意大利甲组联赛,2021-09-19T23:59:00,拉齐奥,卡利亚里,2月2日,Macauslot,1.38,4.5,6.2,1.38,4.5,6.2
2053351,意大利甲组联赛,2021-09-19T23:59:00,拉齐奥,卡利亚里,2月2日,William Hill,1.5,4.33,6.5,1.44,4.5,7.5
2053410,意大利甲组联赛,2021-10-28T00:30:00,尤文图斯,萨索洛,1月2日,Bet 365,1.44,4.75,6.5,1.4,5,7
2053410,意大利甲组联赛,2021-10-28T00:30:00,尤文图斯,萨索洛,1月2日,Easybets,1.51,4.7,5.7,1.44,5,6.7
2053410,意大利甲组联赛,2021-10-28T00:30:00,尤文图斯,萨索洛,1月2日,Macauslot,1.42,4.5,5.5,1.4,4.5,5.8
2053410,意大利甲组联赛,2021-10-28T00:30:00,尤文图斯,萨索洛,1月2日,William Hill,1.5,4.4,6.5,1.44,4.75,7.5
2053447,意大利甲组联赛,2021-11-28T22:00:00,AC米兰,萨索洛,1月3日,Bet 365,1.55,4.33,4.75,1.45,4.75,6.5
2053447,意大利甲组联赛,2021-11-28T22:00:00,AC米兰,萨索洛,1月3日,Easybets,1.65,4.4,4.9,1.48,4.9,6.2
2053447,意大利甲组联赛,2021-11-28T22:00:00,AC米兰,萨索洛,1月3日,Macauslot,1.55,4.1,4.55,1.4,4.5,5.8
2053447,意大利甲组联赛,2021-11-28T22:00:00,AC米兰,萨索洛,1月3日,William Hill,1.65,4,5.5,1.44,4.6,7
2053577,意大利甲组联赛,2022-02-26T01:45:00,AC米兰,乌迪内斯,1月1日,Bet 365,1.5,4.33,6.5,1.45,4.33,7
2053577,意大利甲组联赛,2022-02-26T01:45:00,AC米兰,乌迪内斯,1月1日,Easybets,1.47,4.6,7,1.49,4.3,7.1
2053577,意大利甲组联赛,2022-02-26T01:45:00,AC米兰,乌迪内斯,1月1日,Lottery Official,1.32,4.25,6.8,1.34,4.15,6.55
2053577,意大利甲组联赛,2022-02-26T01:45:00,AC米兰,乌迪内斯,1月1日,Macauslot,1.38,4.35,6.6,1.38,4.35,6.6
2053577,意大利甲组联赛,2022-02-26T01:45:00,AC米兰,乌迪内斯,1月1日,William Hill,1.5,4,7,1.44,4.6,6.5
2053612,意大利甲组联赛,2022-03-20T01:00:00,国际米兰,佛罗伦萨,1月1日,Bet 365,1.45,4.5,7,1.45,4.33,6.5
2053612,意大利甲组联赛,2022-03-20T01:00:00,国际米兰,佛罗伦萨,1月1日,Easybets,1.48,4.9,6.3,1.48,4.7,6.2
2053612,意大利甲组联赛,2022-03-20T01:00:00,国际米兰,佛罗伦萨,1月1日,Lottery Official,1.39,4.2,5.5,1.44,3.7,5.75
2053612,意大利甲组联赛,2022-03-20T01:00:00,国际米兰,佛罗伦萨,1月1日,Macauslot,1.42,4.4,5.8,1.46,4.4,5.2
2053612,意大利甲组联赛,2022-03-20T01:00:00,国际米兰,佛罗伦萨,1月1日,William Hill,1.44,4.33,7,1.44,4.33,6.5
2053670,意大利甲组联赛,2022-05-08T02:45:00,拉齐奥,桑普多利亚,2-0,Bet 365,1.5,4.5,5.75,1.45,4.5,7
2053670,意大利甲组联赛,2022-05-08T02:45:00,拉齐奥,桑普多利亚,2-0,Easybets,1.5,4.8,6,1.42,4.8,7.7
2053670,意大利甲组联赛,2022-05-08T02:45:00,拉齐奥,桑普多利亚,2-0,Lottery Official,1.34,4.3,6.25,1.32,4.4,6.45
2053670,意大利甲组联赛,2022-05-08T02:45:00,拉齐奥,桑普多利亚,2-0,Macauslot,1.41,4.55,5.7,1.41,4.55,5.7
2053670,意大利甲组联赛,2022-05-08T02:45:00,拉齐奥,桑普多利亚,2-0,William Hill,1.57,3.75,6.5,1.44,4.4,7.5
2213567,英格兰超级联赛,2022-08-20T19:30:00,托特纳姆热刺,狼队,1-0,Bet 365,1.45,4.5,7,1.4,4.75,7.5
2213567,英格兰超级联赛,2022-08-20T19:30:00,托特纳姆热刺,狼队,1-0,Easybets,1.37,5,9.3,1.48,4.8,6.4
2213567,英格兰超级联赛,2022-08-20T19:30:00,托特纳姆热刺,狼队,1-0,Lottery Official,1.3,4.4,7,1.3,4.4,7
2213567,英格兰超级联赛,2022-08-20T19:30:00,托特纳姆热刺,狼队,1-0,Macauslot,1.28,4.7,8.7,1.35,4.6,6.65
2213567,英格兰超级联赛,2022-08-20T19:30:00,托特纳姆热刺,狼队,1-0,William Hill,1.5,4,7,1.44,4.4,7.5
2213603,英格兰超级联赛,2023-01-20T04:00:00,曼彻斯特城,托特纳姆热刺,4月2日,Bet 365,1.33,5.5,8,1.5,4.5,6
2213603,英格兰超级联赛,2023-01-20T04:00:00,曼彻斯特城,托特纳姆热刺,4月2日,Easybets,1.34,5.5,8,1.49,4.9,5.7
2213603,英格兰超级联赛,2023-01-20T04:00:00,曼彻斯特城,托特纳姆热刺,4月2日,Macauslot,1.32,4.9,7,1.37,4.8,6
2213603,英格兰超级联赛,2023-01-20T04:00:00,曼彻斯特城,托特纳姆热刺,4月2日,William Hill,1.33,5,9,1.44,4.6,6.5
2213612,英格兰超级联赛,2023-02-09T04:00:00,曼彻斯特联,利兹联,2月2日,Bet 365,1.44,5,6.5,1.53,4.5,5.75
2213612,英格兰超级联赛,2023-02-09T04:00:00,曼彻斯特联,利兹联,2月2日,Easybets,1.5,4.8,5.8,1.53,4.5,5.8
2213612,英格兰超级联赛,2023-02-09T04:00:00,曼彻斯特联,利兹联,2月2日,Lottery Official,1.3,4.5,6.75,1.32,4.45,6.4
2213612,英格兰超级联赛,2023-02-09T04:00:00,曼彻斯特联,利兹联,2月2日,Macauslot,1.38,4.45,6.4,1.4,4.45,6
2213612,英格兰超级联赛,2023-02-09T04:00:00,曼彻斯特联,利兹联,2月2日,William Hill,1.4,4.5,8,1.44,4.6,6.5
2213628,英格兰超级联赛,2022-10-01T22:00:00,利物浦,布莱顿,3月3日,Bet 365,1.36,4.75,9,1.45,4.75,6
2213628,英格兰超级联赛,2022-10-01T22:00:00,利物浦,布莱顿,3月3日,Easybets,1.36,5.3,8.3,1.47,4.8,6.5
2213628,英格兰超级联赛,2022-10-01T22:00:00,利物浦,布莱顿,3月3日,Macauslot,1.28,5,7.8,1.38,4.5,6.15
2213628,英格兰超级联赛,2022-10-01T22:00:00,利物浦,布莱顿,3月3日,William Hill,1.36,4.5,9.5,1.44,4.5,7
2213643,英格兰超级联赛,2022-10-16T00:30:00,托特纳姆热刺,埃弗顿,2-0,Bet 365,1.5,4.75,5.25,1.45,4.5,7.5
2213643,英格兰超级联赛,2022-10-16T00:30:00,托特纳姆热刺,埃弗顿,2-0,Easybets,1.5,4.6,6.3,1.48,4.8,6.4
2213643,英格兰超级联赛,2022-10-16T00:30:00,托特纳姆热刺,埃弗顿,2-0,Lottery Official,1.31,4.4,6.9,1.34,4.4,6.15
2213643,英格兰超级联赛,2022-10-16T00:30:00,托特纳姆热刺,埃弗顿,2-0,Macauslot,1.42,4.35,5.9,1.38,4.5,6.4
2213643,英格兰超级联赛,2022-10-16T00:30:00,托特纳姆热刺,埃弗顿,2-0,William Hill,1.55,4,6,1.44,4.4,7.5
2213713,英格兰超级联赛,2022-12-31T23:00:00,纽卡斯尔联,利兹联,0-0,Bet 365,1.53,4.2,5.75,1.45,4.75,6.5
2213713,英格兰超级联赛,2022-12-31T23:00:00,纽卡斯尔联,利兹联,0-0,Easybets,1.42,5,6.7,1.46,4.8,6.4
2213713,英格兰超级联赛,2022-12-31T23:00:00,纽卡斯尔联,利兹联,0-0,Lottery Official,1.32,4.4,6.5,1.3,4.5,6.75
2213713,英格兰超级联赛,2022-12-31T23:00:00,纽卡斯尔联,利兹联,0-0,Macauslot,1.47,4.25,5.3,1.47,4.25,5.3
2213713,英格兰超级联赛,2022-12-31T23:00:00,纽卡斯尔联,利兹联,0-0,William Hill,1.53,4,6,1.44,4.4,7
2213737,英格兰超级联赛,2023-01-15T22:00:00,纽卡斯尔联,富勒姆,1-0,Bet 365,1.57,4.2,5.5,1.5,4.33,6.5
2213737,英格兰超级联赛,2023-01-15T22:00:00,纽卡斯尔联,富勒姆,1-0,Easybets,1.56,4.3,5.6,1.46,4.7,6.6
2213737,英格兰超级联赛,2023-01-15T22:00:00,纽卡斯尔联,富勒姆,1-0,Lottery Official,1.36,4.2,6.05,1.32,4.4,6.5
2213737,英格兰超级联赛,2023-01-15T22:00:00,纽卡斯尔联,富勒姆,1-0,Macauslot,1.48,4.05,5.4,1.42,4.2,6.15
2213737,英格兰超级联赛,2023-01-15T22:00:00,纽卡斯尔联,富勒姆,1-0,William Hill,1.57,4.2,5.5,1.44,4.4,7
2213806,英格兰超级联赛,2023-03-11T23:00:00,托特纳姆热刺,诺丁汉森林,3月1日,Bet 365,1.44,4.5,6.5,1.44,4.75,7
2213806,英格兰超级联赛,2023-03-11T23:00:00,托特纳姆热刺,诺丁汉森林,3月1日,Easybets,1.43,4.8,7,1.43,4.7,7.2
2213806,英格兰超级联赛,2023-03-11T23:00:00,托特纳姆热刺,诺丁汉森林,3月1日,Lottery Official,1.29,4.25,7.8,1.3,4.25,7.4
2213806,英格兰超级联赛,2023-03-11T23:00:00,托特纳姆热刺,诺丁汉森林,3月1日,Macauslot,1.37,4.5,6.6,1.37,4.5,6.6
2213806,英格兰超级联赛,2023-03-11T23:00:00,托特纳姆热刺,诺丁汉森林,3月1日,William Hill,1.5,4.2,6.5,1.44,4.2,7.5
2213909,英格兰超级联赛,2023-05-20T22:00:00,利物浦,阿斯顿维拉,1月1日,Bet 365,1.45,4.75,6,1.5,4.75,6
2213909,英格兰超级联赛,2023-05-20T22:00:00,利物浦,阿斯顿维拉,1月1日,Easybets,1.51,4.9,5.7,1.49,5,5.8
2213909,英格兰超级联赛,2023-05-20T22:00:00,利物浦,阿斯顿维拉,1月1日,Lottery Official,1.35,4.45,5.75,1.33,4.55,5.95
2213909,英格兰超级联赛,2023-05-20T22:00:00,利物浦,阿斯顿维拉,1月1日,Macauslot,1.43,4.6,5.4,1.4,4.6,5.85
2213909,英格兰超级联赛,2023-05-20T22:00:00,利物浦,阿斯顿维拉,1月1日,William Hill,1.5,4.4,6.5,1.44,4.8,6
2213915,英格兰超级联赛,2023-05-28T23:30:00,曼彻斯特联,富勒姆,2月1日,Bet 365,1.44,4.5,6.5,1.45,4.75,6
2213915,英格兰超级联赛,2023-05-28T23:30:00,曼彻斯特联,富勒姆,2月1日,Easybets,1.48,5,6,1.49,5.1,5.7
2213915,英格兰超级联赛,2023-05-28T23:30:00,曼彻斯特联,富勒姆,2月1日,Lottery Official,1.41,4.38,4.95,1.35,4.62,5.5
2213915,英格兰超级联赛,2023-05-28T23:30:00,曼彻斯特联,富勒姆,2月1日,Macauslot,1.38,4.8,5.6,1.36,5,5.25
2213915,英格兰超级联赛,2023-05-28T23:30:00,曼彻斯特联,富勒姆,2月1日,William Hill,1.44,4.75,6.5,1.44,5,5.8
2215594,德国甲组联赛,2022-08-20T02:30:00,门兴格拉德巴赫,柏林赫塔,1-0,Bet 365,1.6,4.2,5.25,1.53,4.5,5.75
2215594,德国甲组联赛,2022-08-20T02:30:00,门兴格拉德巴赫,柏林赫塔,1-0,Easybets,1.6,4.4,5.3,1.53,4.8,5.6
2215594,德国甲组联赛,2022-08-20T02:30:00,门兴格拉德巴赫,柏林赫塔,1-0,Lottery Official,1.42,4.2,5.1,1.35,4.45,5.75
2215594,德国甲组联赛,2022-08-20T02:30:00,门兴格拉德巴赫,柏林赫塔,1-0,Macauslot,1.51,4.1,5,1.44,4.1,5.6
2215594,德国甲组联赛,2022-08-20T02:30:00,门兴格拉德巴赫,柏林赫塔,1-0,William Hill,1.62,4.2,5,1.44,4.6,6.5
2215648,德国甲组联赛,2022-10-08T21:30:00,勒沃库森,沙尔克04,4-0,Bet 365,1.53,4.5,5.5,1.36,4.75,7.5
2215648,德国甲组联赛,2022-10-08T21:30:00,勒沃库森,沙尔克04,4-0,Easybets,1.53,4.8,5.4,1.39,5.2,7.6
2215648,德国甲组联赛,2022-10-08T21:30:00,勒沃库森,沙尔克04,4-0,Macauslot,1.45,4.5,5.15,1.4,4.5,5.9
2215648,德国甲组联赛,2022-10-08T21:30:00,勒沃库森,沙尔克04,4-0,William Hill,1.65,3.8,5.5,1.44,4.75,6.5
2215658,德国甲组联赛,2022-10-17T01:30:00,拜仁慕尼黑,弗赖堡,5-0,Bet 365,1.25,5.75,11,1.44,5,5.75
2215658,德国甲组联赛,2022-10-17T01:30:00,拜仁慕尼黑,弗赖堡,5-0,Easybets,1.26,6.1,10.5,1.45,5.2,6.3
2215658,德国甲组联赛,2022-10-17T01:30:00,拜仁慕尼黑,弗赖堡,5-0,Lottery Official,1.16,6,9.25,1.21,5.65,7.5
2215658,德国甲组联赛,2022-10-17T01:30:00,拜仁慕尼黑,弗赖堡,5-0,Macauslot,1.2,5.8,10,1.35,5,6.1
2215658,德国甲组联赛,2022-10-17T01:30:00,拜仁慕尼黑,弗赖堡,5-0,William Hill,1.25,5.8,11,1.44,4.75,7
2215723,德国甲组联赛,2023-01-26T03:30:00,勒沃库森,波鸿,2-0,Bet 365,1.45,5,6,1.45,4.75,6.5
2215723,德国甲组联赛,2023-01-26T03:30:00,勒沃库森,波鸿,2-0,Easybets,1.44,4.8,6.7,1.46,4.8,6.5
2215723,德国甲组联赛,2023-01-26T03:30:00,勒沃库森,波鸿,2-0,Macauslot,1.35,4.6,6.6,1.35,4.6,6.6
2215723,德国甲组联赛,2023-01-26T03:30:00,勒沃库森,波鸿,2-0,William Hill,1.4,4.75,7.5,1.44,4.5,7
2215943,法国甲组联赛,2022-09-11T23:05:00,雷恩,欧塞尔,5-0,Bet 365,1.5,4.33,6,1.4,4.75,8
2215943,法国甲组联赛,2022-09-11T23:05:00,雷恩,欧塞尔,5-0,Easybets,1.51,4.7,5.7,1.41,5,7.1
2215943,法国甲组联赛,2022-09-11T23:05:00,雷恩,欧塞尔,5-0,Lottery Official,1.37,4.15,6.05,1.3,4.45,7
2215943,法国甲组联赛,2022-09-11T23:05:00,雷恩,欧塞尔,5-0,Macauslot,1.38,4.55,6,1.3,4.7,7.7
2215943,法国甲组联赛,2022-09-11T23:05:00,雷恩,欧塞尔,5-0,William Hill,1.5,4.2,7,1.44,4.6,7
2215977,法国甲组联赛,2022-10-08T03:00:00,里昂,图卢兹,1月1日,Bet 365,1.44,4.75,6,1.44,5,6
2215977,法国甲组联赛,2022-10-08T03:00:00,里昂,图卢兹,1月1日,Easybets,1.44,5.1,6.2,1.43,5.2,6.3
2215977,法国甲组联赛,2022-10-08T03:00:00,里昂,图卢兹,1月1日,Macauslot,1.4,4.75,5.5,1.36,4.75,6.2
2215977,法国甲组联赛,2022-10-08T03:00:00,里昂,图卢兹,1月1日,William Hill,1.44,5,6.5,1.44,4.8,6.5
2215983,法国甲组联赛,2022-10-16T03:00:00,朗斯,蒙彼利埃,1-0,Bet 365,1.44,4.5,6.5,1.44,5,6.5
2215983,法国甲组联赛,2022-10-16T03:00:00,朗斯,蒙彼利埃,1-0,Easybets,1.44,5,6.6,1.46,4.8,6.4
2215983,法国甲组联赛,2022-10-16T03:00:00,朗斯,蒙彼利埃,1-0,Macauslot,1.37,4.7,6.3,1.4,4.7,5.7
2215983,法国甲组联赛,2022-10-16T03:00:00,朗斯,蒙彼利埃,1-0,William Hill,1.44,4.4,7.5,1.44,4.5,7
2216007,法国甲组联赛,2022-10-30T22:00:00,摩纳哥,昂热,2-0,Bet 365,1.4,5,6.5,1.44,5,6.5
2216007,法国甲组联赛,2022-10-30T22:00:00,摩纳哥,昂热,2-0,Easybets,1.4,5.2,6.9,1.45,5,6.1
2216007,法国甲组联赛,2022-10-30T22:00:00,摩纳哥,昂热,2-0,Macauslot,1.33,4.95,6.6,1.35,4.95,6.15
2216007,法国甲组联赛,2022-10-30T22:00:00,摩纳哥,昂热,2-0,William Hill,1.4,4.8,8,1.44,4.6,6.5
2216028,法国甲组联赛,2022-11-12T23:59:00,朗斯,克莱蒙,2月1日,Bet 365,1.5,4.5,5.5,1.44,4.5,7
2216028,法国甲组联赛,2022-11-12T23:59:00,朗斯,克莱蒙,2月1日,Easybets,1.46,4.6,6.7,1.44,4.5,7
2216028,法国甲组联赛,2022-11-12T23:59:00,朗斯,克莱蒙,2月1日,Lottery Official,1.27,4.6,7.5,1.26,4.6,7.8
2216028,法国甲组联赛,2022-11-12T23:59:00,朗斯,克莱蒙,2月1日,Macauslot,1.38,4.45,6.5,1.38,4.45,6.5
2216028,法国甲组联赛,2022-11-12T23:59:00,朗斯,克莱蒙,2月1日,William Hill,1.5,4.2,7,1.44,4.4,7
2216044,法国甲组联赛,2023-01-01T22:00:00,摩纳哥,布雷斯特,1-0,Bet 365,1.45,4.75,6,1.5,4.5,5.75
2216044,法国甲组联赛,2023-01-01T22:00:00,摩纳哥,布雷斯特,1-0,Easybets,1.45,4.6,5.5,1.46,4.6,5.4
2216044,法国甲组联赛,2023-01-01T22:00:00,摩纳哥,布雷斯特,1-0,Lottery Official,1.32,4.5,6.4,1.34,4.45,6
2216044,法国甲组联赛,2023-01-01T22:00:00,摩纳哥,布雷斯特,1-0,Macauslot,1.43,4.5,5.5,1.43,4.5,5.5
2216044,法国甲组联赛,2023-01-01T22:00:00,摩纳哥,布雷斯特,1-0,William Hill,1.44,4.33,7,1.44,4.5,7
2216069,法国甲组联赛,2023-01-15T20:00:00,里尔,特鲁瓦,5月1日,Bet 365,1.44,4.5,6.5,1.5,4.33,6.5
2216069,法国甲组联赛,2023-01-15T20:00:00,里尔,特鲁瓦,5月1日,Easybets,1.41,4.5,6.3,1.43,4.4,6.2
2216069,法国甲组联赛,2023-01-15T20:00:00,里尔,特鲁瓦,5月1日,Lottery Official,1.23,4.9,8.25,1.3,4.55,6.65
2216069,法国甲组联赛,2023-01-15T20:00:00,里尔,特鲁瓦,5月1日,Macauslot,1.4,4.5,6,1.35,4.8,6.5
2216069,法国甲组联赛,2023-01-15T20:00:00,里尔,特鲁瓦,5月1日,William Hill,1.5,4.2,7,1.44,4.4,6.5
2216105,法国甲组联赛,2023-02-12T22:00:00,里尔,斯特拉斯堡,2-0,Bet 365,1.53,4.33,5.5,1.4,5,7
2216105,法国甲组联赛,2023-02-12T22:00:00,里尔,斯特拉斯堡,2-0,Easybets,1.53,4.4,5.7,1.41,4.8,6.9
2216105,法国甲组联赛,2023-02-12T22:00:00,里尔,斯特拉斯堡,2-0,Lottery Official,1.34,4.2,6.5,1.3,4.45,6.85
2216105,法国甲组联赛,2023-02-12T22:00:00,里尔,斯特拉斯堡,2-0,Macauslot,1.47,4.15,5.4,1.4,4.15,6.6
2216105,法国甲组联赛,2023-02-12T22:00:00,里尔,斯特拉斯堡,2-0,William Hill,1.55,4,6,1.44,4.33,7.5
2216205,法国甲组联赛,2023-04-30T19:00:00,摩纳哥,蒙彼利埃,0-4,Bet 365,1.5,4.5,5.5,1.55,4.33,5.75
2216205,法国甲组联赛,2023-04-30T19:00:00,摩纳哥,蒙彼利埃,0-4,Easybets,1.53,4.7,5.5,1.56,4.6,5.2
2216205,法国甲组联赛,2023-04-30T19:00:00,摩纳哥,蒙彼利埃,0-4,Macauslot,1.45,4.4,5.25,1.45,4.4,5.2
2216205,法国甲组联赛,2023-04-30T19:00:00,摩纳哥,蒙彼利埃,0-4,William Hill,1.5,4.33,6,1.44,4.75,6
2216242,法国甲组联赛,2023-05-28T03:00:00,里尔,南特,2月1日,Bet 365,1.4,5,7,1.44,4.75,7.5
2216242,法国甲组联赛,2023-05-28T03:00:00,里尔,南特,2月1日,Easybets,1.45,4.8,6.5,1.45,4.8,6.5
2216242,法国甲组联赛,2023-05-28T03:00:00,里尔,南特,2月1日,Lottery Official,1.34,4.4,6.1,1.29,4.65,6.7
2216242,法国甲组联赛,2023-05-28T03:00:00,里尔,南特,2月1日,Macauslot,1.37,4.55,6.5,1.37,4.55,6.5
2216242,法国甲组联赛,2023-05-28T03:00:00,里尔,南特,2月1日,William Hill,1.44,4.4,7.5,1.44,4.4,7.5
2222303,西班牙甲组联赛,2022-10-15T22:15:00,巴伦西亚,艾尔切,2月2日,Bet 365,1.53,4,6,1.4,4.75,7
2222303,西班牙甲组联赛,2022-10-15T22:15:00,巴伦西亚,艾尔切,2月2日,Easybets,1.51,4.5,6.4,1.45,4.8,7
2222303,西班牙甲组联赛,2022-10-15T22:15:00,巴伦西亚,艾尔切,2月2日,Macauslot,1.42,4.25,6,1.42,4.25,6
2222303,西班牙甲组联赛,2022-10-15T22:15:00,巴伦西亚,艾尔切,2月2日,William Hill,1.5,4.2,6.5,1.44,4.5,7
2222315,西班牙甲组联赛,2022-10-21T03:00:00,巴塞罗那,比利亚雷亚尔,3-0,Bet 365,1.45,4.5,6,1.45,4.5,6.5
2222315,西班牙甲组联赛,2022-10-21T03:00:00,巴塞罗那,比利亚雷亚尔,3-0,Easybets,1.5,4.8,6,1.48,4.9,6.2
2222315,西班牙甲组联赛,2022-10-21T03:00:00,巴塞罗那,比利亚雷亚尔,3-0,Lottery Official,1.35,4.5,5.8,1.32,4.6,6.2
2222315,西班牙甲组联赛,2022-10-21T03:00:00,巴塞罗那,比利亚雷亚尔,3-0,Macauslot,1.42,4.6,5.35,1.42,4.6,5.35
2222315,西班牙甲组联赛,2022-10-21T03:00:00,巴塞罗那,比利亚雷亚尔,3-0,William Hill,1.44,4.4,7,1.44,4.5,7
2222352,西班牙甲组联赛,2022-11-09T03:00:00,毕尔巴鄂竞技,巴拉多利德,3-0,Bet 365,1.44,4.33,7,1.4,4.5,7.5
2222352,西班牙甲组联赛,2022-11-09T03:00:00,毕尔巴鄂竞技,巴拉多利德,3-0,Easybets,1.45,4.7,7.4,1.41,4.9,7.4
2222352,西班牙甲组联赛,2022-11-09T03:00:00,毕尔巴鄂竞技,巴拉多利德,3-0,Lottery Official,1.3,4.4,7,1.3,4.4,7
2222352,西班牙甲组联赛,2022-11-09T03:00:00,毕尔巴鄂竞技,巴拉多利德,3-0,Macauslot,1.35,4.45,7.3,1.35,4.45,7.3
2222352,西班牙甲组联赛,2022-11-09T03:00:00,毕尔巴鄂竞技,巴拉多利德,3-0,William Hill,1.44,4.33,7.5,1.44,4.4,7.5
2222410,西班牙甲组联赛,2023-02-06T01:30:00,皇家社会,巴拉多利德,0-1,Bet 365,1.4,4.5,7,1.5,4.2,7
2222410,西班牙甲组联赛,2023-02-06T01:30:00,皇家社会,巴拉多利德,0-1,Easybets,1.41,4.7,8,1.46,4.5,7
2222410,西班牙甲组联赛,2023-02-06T01:30:00,皇家社会,巴拉多利德,0-1,Macauslot,1.35,4.35,7.5,1.35,4.35,7.5
2222410,西班牙甲组联赛,2023-02-06T01:30:00,皇家社会,巴拉多利德,0-1,William Hill,1.44,4.2,7.5,1.44,4.2,8
2222474,西班牙甲组联赛,2023-03-19T23:15:00,皇家社会,艾尔切,2-0,Bet 365,1.33,5,9,1.4,4.5,9
2222474,西班牙甲组联赛,2023-03-19T23:15:00,皇家社会,艾尔切,2-0,Easybets,1.35,4.9,8.6,1.38,4.7,8.8
2222474,西班牙甲组联赛,2023-03-19T23:15:00,皇家社会,艾尔切,2-0,Lottery Official,1.3,4.1,8,1.24,4.5,9
2222474,西班牙甲组联赛,2023-03-19T23:15:00,皇家社会,艾尔切,2-0,Macauslot,1.3,4.6,8.2,1.3,4.6,8.2
2222474,西班牙甲组联赛,2023-03-19T23:15:00,皇家社会,艾尔切,2-0,William Hill,1.33,4.8,10,1.44,4.2,8
2222502,西班牙甲组联赛,2023-04-15T20:00:00,比利亚雷亚尔,巴拉多利德,1月2日,Bet 365,1.44,4.5,7,1.45,4.75,6
2222502,西班牙甲组联赛,2023-04-15T20:00:00,比利亚雷亚尔,巴拉多利德,1月2日,Easybets,1.39,5,7.7,1.47,4.8,6.5
2222502,西班牙甲组联赛,2023-04-15T20:00:00,比利亚雷亚尔,巴拉多利德,1月2日,Macauslot,1.33,4.7,7.2,1.4,4.5,5.95
2222502,西班牙甲组联赛,2023-04-15T20:00:00,比利亚雷亚尔,巴拉多利德,1月2日,William Hill,1.44,4.4,7,1.44,4.4,7
2222505,西班牙甲组联赛,2023-04-16T20:00:00,赫罗纳,艾尔切,2-0,Bet 365,1.6,4,5.25,1.44,5,7
2222505,西班牙甲组联赛,2023-04-16T20:00:00,赫罗纳,艾尔切,2-0,Easybets,1.59,4.3,5.4,1.44,4.8,7.1
2222505,西班牙甲组联赛,2023-04-16T20:00:00,赫罗纳,艾尔切,2-0,Lottery Official,1.41,3.9,5.75,1.29,4.5,7.1
2222505,西班牙甲组联赛,2023-04-16T20:00:00,赫罗纳,艾尔切,2-0,Macauslot,1.52,4,5.1,1.42,4.2,6.15
2222505,西班牙甲组联赛,2023-04-16T20:00:00,赫罗纳,艾尔切,2-0,William Hill,1.6,3.9,5.5,1.44,4.33,7.5
2222565,西班牙甲组联赛,2023-05-21T22:15:00,马德里竞技,奥萨苏纳,3-0,Bet 365,1.3,5,11,1.5,4.5,6.5
2222565,西班牙甲组联赛,2023-05-21T22:15:00,马德里竞技,奥萨苏纳,3-0,Easybets,1.35,5.1,9.1,1.49,4.7,6.4
2222565,西班牙甲组联赛,2023-05-21T22:15:00,马德里竞技,奥萨苏纳,3-0,Macauslot,1.28,4.85,8.6,1.41,4.5,5.8
2222565,西班牙甲组联赛,2023-05-21T22:15:00,马德里竞技,奥萨苏纳,3-0,William Hill,1.33,4.4,12,1.44,4.6,6.5
2222789,意大利甲组联赛,2022-08-14T00:30:00,AC米兰,乌迪内斯,4月2日,Bet 365,1.36,4.5,8,1.5,4.5,6.5
2222789,意大利甲组联赛,2022-08-14T00:30:00,AC米兰,乌迪内斯,4月2日,Easybets,1.38,5,8.6,1.42,4.8,7.5
2222789,意大利甲组联赛,2022-08-14T00:30:00,AC米兰,乌迪内斯,4月2日,Lottery Official,1.32,4.25,6.9,1.33,4.2,6.7
2222789,意大利甲组联赛,2022-08-14T00:30:00,AC米兰,乌迪内斯,4月2日,Macauslot,1.3,4.65,8.1,1.38,4.5,6.2
2222789,意大利甲组联赛,2022-08-14T00:30:00,AC米兰,乌迪内斯,4月2日,William Hill,1.4,4.6,8.5,1.44,4.4,7
2222791,意大利甲组联赛,2022-08-16T02:45:00,尤文图斯,萨索洛,3-0,Bet 365,1.44,4.5,6.5,1.45,4.75,6.5
2222791,意大利甲组联赛,2022-08-16T02:45:00,尤文图斯,萨索洛,3-0,Easybets,1.45,5,6.4,1.48,4.8,6.3
2222791,意大利甲组联赛,2022-08-16T02:45:00,尤文图斯,萨索洛,3-0,Lottery Official,1.35,4.35,6,1.35,4.3,6.05
2222791,意大利甲组联赛,2022-08-16T02:45:00,尤文图斯,萨索洛,3-0,Macauslot,1.37,4.75,6.1,1.37,4.75,6.1
2222791,意大利甲组联赛,2022-08-16T02:45:00,尤文图斯,萨索洛,3-0,William Hill,1.4,4.8,7,1.44,4.6,6.5
2222895,意大利甲组联赛,2022-10-22T23:59:00,AC米兰,蒙扎,4月1日,Bet 365,1.4,5,6.5,1.45,4.5,6.5
2222895,意大利甲组联赛,2022-10-22T23:59:00,AC米兰,蒙扎,4月1日,Easybets,1.37,5.1,8.3,1.47,4.4,7.5
2222895,意大利甲组联赛,2022-10-22T23:59:00,AC米兰,蒙扎,4月1日,Lottery Official,1.23,4.95,8.25,1.27,4.7,7.4
2222895,意大利甲组联赛,2022-10-22T23:59:00,AC米兰,蒙扎,4月1日,Macauslot,1.3,4.8,7.7,1.4,4.4,6
2222895,意大利甲组联赛,2022-10-22T23:59:00,AC米兰,蒙扎,4月1日,William Hill,1.36,4.4,9.5,1.44,4.33,7
2222930,意大利甲组联赛,2022-11-12T22:00:00,那不勒斯,乌迪内斯,3月2日,Bet 365,1.45,4.5,6,1.5,4.75,5.75
2222930,意大利甲组联赛,2022-11-12T22:00:00,那不勒斯,乌迪内斯,3月2日,Easybets,1.49,4.8,5.8,1.5,4.8,5.7
2222930,意大利甲组联赛,2022-11-12T22:00:00,那不勒斯,乌迪内斯,3月2日,Lottery Official,1.32,4.45,6.35,1.32,4.45,6.35
2222930,意大利甲组联赛,2022-11-12T22:00:00,那不勒斯,乌迪内斯,3月2日,Macauslot,1.43,4.55,5.45,1.36,4.75,6.4
2222930,意大利甲组联赛,2022-11-12T22:00:00,那不勒斯,乌迪内斯,3月2日,William Hill,1.5,4.4,6,1.44,4.5,6.5
2222981,意大利甲组联赛,2023-01-29T19:30:00,AC米兰,萨索洛,2月5日,Bet 365,1.4,4.5,7.5,1.44,4.75,6.5
2222981,意大利甲组联赛,2023-01-29T19:30:00,AC米兰,萨索洛,2月5日,Easybets,1.38,5.3,7.1,1.43,4.7,7.1
2222981,意大利甲组联赛,2023-01-29T19:30:00,AC米兰,萨索洛,2月5日,Lottery Official,1.34,4.45,6,1.34,4.45,6
2222981,意大利甲组联赛,2023-01-29T19:30:00,AC米兰,萨索洛,2月5日,Macauslot,1.32,5,6.7,1.45,4.6,5
2222981,意大利甲组联赛,2023-01-29T19:30:00,AC米兰,萨索洛,2月5日,William Hill,1.44,4.4,7,1.44,4.4,7
2223013,意大利甲组联赛,2023-02-19T19:30:00,亚特兰大,莱切,1月2日,Bet 365,1.5,4,6.5,1.44,4.33,7.5
2223013,意大利甲组联赛,2023-02-19T19:30:00,亚特兰大,莱切,1月2日,Easybets,1.49,4.4,6.6,1.43,4.5,7.6
2223013,意大利甲组联赛,2023-02-19T19:30:00,亚特兰大,莱切,1月2日,Lottery Official,1.38,4,6.1,1.32,4.3,6.7
2223013,意大利甲组联赛,2023-02-19T19:30:00,亚特兰大,莱切,1月2日,Macauslot,1.42,4.15,6.2,1.42,4.15,6.2
2223013,意大利甲组联赛,2023-02-19T19:30:00,亚特兰大,莱切,1月2日,William Hill,1.5,4.33,6,1.44,4.2,7.5
2223081,意大利甲组联赛,2023-04-16T02:45:00,国际米兰,蒙扎,0-1,Bet 365,1.36,4.75,8.5,1.44,4.5,7.5
2223081,意大利甲组联赛,2023-04-16T02:45:00,国际米兰,蒙扎,0-1,Easybets,1.39,4.9,7.7,1.46,4.6,7.5
2223081,意大利甲组联赛,2023-04-16T02:45:00,国际米兰,蒙扎,0-1,Lottery Official,1.33,4.15,6.8,1.29,4.4,7.3
2223081,意大利甲组联赛,2023-04-16T02:45:00,国际米兰,蒙扎,0-1,Macauslot,1.33,4.65,7.3,1.36,4.6,6.6
2223081,意大利甲组联赛,2023-04-16T02:45:00,国际米兰,蒙扎,0-1,William Hill,1.36,4.75,8.5,1.44,4.2,8
2223086,意大利甲组联赛,2023-04-15T23:59:00,那不勒斯,维罗纳,0-0,Bet 365,1.4,4.75,8,1.5,4.33,7
2223086,意大利甲组联赛,2023-04-15T23:59:00,那不勒斯,维罗纳,0-0,Easybets,1.35,4.6,7.5,1.52,4.1,7.4
2223086,意大利甲组联赛,2023-04-15T23:59:00,那不勒斯,维罗纳,0-0,Macauslot,1.33,4.5,7.3,1.34,4.5,7.2
2223086,意大利甲组联赛,2023-04-15T23:59:00,那不勒斯,维罗纳,0-0,William Hill,1.33,4.8,10,1.44,4.2,7.5
2223131,意大利甲组联赛,2023-05-14T02:45:00,国际米兰,萨索洛,4月2日,Bet 365,1.4,4.75,7,1.45,4.75,6.5
2223131,意大利甲组联赛,2023-05-14T02:45:00,国际米兰,萨索洛,4月2日,Easybets,1.47,4.9,6.3,1.49,4.7,6.3
2223131,意大利甲组联赛,2023-05-14T02:45:00,国际米兰,萨索洛,4月2日,Lottery Official,1.3,4.5,6.75,1.28,4.55,7.2
2223131,意大利甲组联赛,2023-05-14T02:45:00,国际米兰,萨索洛,4月2日,Macauslot,1.38,4.65,5.9,1.38,4.65,5.9
2223131,意大利甲组联赛,2023-05-14T02:45:00,国际米兰,萨索洛,4月2日,William Hill,1.44,4.4,7.5,1.44,4.4,7
2223142,意大利甲组联赛,2023-05-20T23:59:00,亚特兰大,维罗纳,3月1日,Bet 365,1.53,4.33,5.5,1.44,4.75,7
2223142,意大利甲组联赛,2023-05-20T23:59:00,亚特兰大,维罗纳,3月1日,Easybets,1.57,4.3,6,1.47,4.7,6.9
2223142,意大利甲组联赛,2023-05-20T23:59:00,亚特兰大,维罗纳,3月1日,Macauslot,1.48,4,5.6,1.4,4.3,6.35
2223142,意大利甲组联赛,2023-05-20T23:59:00,亚特兰大,维罗纳,3月1日,William Hill,1.55,4,6,1.44,4.75,7
2399109,英格兰超级联赛,2023-09-24T21:00:00,布莱顿,伯恩茅斯,3月1日,Bet 365,1.4,4.75,7.5,1.5,4.75,5.5
2399109,英格兰超级联赛,2023-09-24T21:00:00,布莱顿,伯恩茅斯,3月1日,Easybets,1.4,5.4,6.9,1.51,5,5.5
2399109,英格兰超级联赛,2023-09-24T21:00:00,布莱顿,伯恩茅斯,3月1日,Macauslot,1.3,5.3,6.7,1.38,5.3,5.15
2399109,英格兰超级联赛,2023-09-24T21:00:00,布莱顿,伯恩茅斯,3月1日,William Hill,1.4,5,7,1.44,5,6
2399146,英格兰超级联赛,2023-10-24T03:00:00,托特纳姆热刺,富勒姆,2-0,Bet 365,1.55,4.33,5.5,1.5,4.6,6
2399146,英格兰超级联赛,2023-10-24T03:00:00,托特纳姆热刺,富勒姆,2-0,Easybets,1.54,4.6,5.7,1.5,4.7,6.2
2399146,英格兰超级联赛,2023-10-24T03:00:00,托特纳姆热刺,富勒姆,2-0,Lottery Official,1.4,4.2,5.35,1.32,4.55,6.2
2399146,英格兰超级联赛,2023-10-24T03:00:00,托特纳姆热刺,富勒姆,2-0,Macauslot,1.42,4.45,5.7,1.42,4.45,5.7
2399146,英格兰超级联赛,2023-10-24T03:00:00,托特纳姆热刺,富勒姆,2-0,William Hill,1.53,4.5,5.5,1.44,4.8,6
2399189,英格兰超级联赛,2023-12-02T23:00:00,布伦特福德,卢顿,3月1日,Bet 365,1.5,4.5,6.5,1.53,4.2,6
2399189,英格兰超级联赛,2023-12-02T23:00:00,布伦特福德,卢顿,3月1日,Easybets,1.49,4.7,6.5,1.52,4.4,6.4
2399189,英格兰超级联赛,2023-12-02T23:00:00,布伦特福德,卢顿,3月1日,Macauslot,1.4,4.4,6.1,1.46,4.4,5.2
2399189,英格兰超级联赛,2023-12-02T23:00:00,布伦特福德,卢顿,3月1日,William Hill,1.44,4.5,6.5,1.44,4.4,6.5
2399217,英格兰超级联赛,2023-12-17T22:00:00,阿森纳,布莱顿,2-0,Bet 365,1.53,4.75,5,1.45,5,6
2399217,英格兰超级联赛,2023-12-17T22:00:00,阿森纳,布莱顿,2-0,Easybets,1.53,4.7,5.8,1.47,4.8,6.5
2399217,英格兰超级联赛,2023-12-17T22:00:00,阿森纳,布莱顿,2-0,Lottery Official,1.33,4.55,5.95,1.35,4.5,5.7
2399217,英格兰超级联赛,2023-12-17T22:00:00,阿森纳,布莱顿,2-0,Macauslot,1.43,4.4,5.45,1.36,4.6,6.35
2399217,英格兰超级联赛,2023-12-17T22:00:00,阿森纳,布莱顿,2-0,William Hill,1.5,4.6,5.5,1.44,4.5,6.5
2399282,英格兰超级联赛,2024-02-04T22:00:00,切尔西,狼队,2月4日,Bet 365,1.57,4,6,1.55,4.2,5.75
2399282,英格兰超级联赛,2024-02-04T22:00:00,切尔西,狼队,2月4日,Easybets,1.6,3.8,4.7,1.52,4.5,5.9
2399282,英格兰超级联赛,2024-02-04T22:00:00,切尔西,狼队,2月4日,Lottery Official,1.41,4.1,5.4,1.39,4.15,5.6
2399282,英格兰超级联赛,2024-02-04T22:00:00,切尔西,狼队,2月4日,Macauslot,1.53,4.05,4.8,1.45,4.3,5.5
2399282,英格兰超级联赛,2024-02-04T22:00:00,切尔西,狼队,2月4日,William Hill,1.57,4.2,5,1.44,4.5,6
2399306,英格兰超级联赛,2024-02-17T23:00:00,托特纳姆热刺,狼队,1月2日,Bet 365,1.57,4.5,5,1.5,5,5.5
2399306,英格兰超级联赛,2024-02-17T23:00:00,托特纳姆热刺,狼队,1月2日,Easybets,1.52,4.2,4.8,1.49,4.8,5.7
2399306,英格兰超级联赛,2024-02-17T23:00:00,托特纳姆热刺,狼队,1月2日,Macauslot,1.51,4.4,4.7,1.38,4.9,5.8
2399306,英格兰超级联赛,2024-02-17T23:00:00,托特纳姆热刺,狼队,1月2日,William Hill,1.44,4.75,6,1.44,4.8,5.5
2399316,英格兰超级联赛,2024-02-25T21:30:00,狼队,谢菲尔德联队,1-0,Bet 365,1.45,4.33,6.5,1.45,4.5,7
2399316,英格兰超级联赛,2024-02-25T21:30:00,狼队,谢菲尔德联队,1-0,Easybets,1.47,4.1,5.6,1.47,4.4,7
2399316,英格兰超级联赛,2024-02-25T21:30:00,狼队,谢菲尔德联队,1-0,Lottery Official,1.35,4.35,6,1.37,4.2,5.85
2399316,英格兰超级联赛,2024-02-25T21:30:00,狼队,谢菲尔德联队,1-0,Macauslot,1.43,4.4,5.6,1.4,4.45,6
2399316,英格兰超级联赛,2024-02-25T21:30:00,狼队,谢菲尔德联队,1-0,William Hill,1.5,4.33,5.8,1.44,4.4,6.5
2399375,英格兰超级联赛,2024-04-08T01:00:00,托特纳姆热刺,诺丁汉森林,3月1日,Bet 365,1.36,4.75,7.5,1.45,5.25,5.75
2399375,英格兰超级联赛,2024-04-08T01:00:00,托特纳姆热刺,诺丁汉森林,3月1日,Easybets,1.36,4.8,6.4,1.45,5,6
2399375,英格兰超级联赛,2024-04-08T01:00:00,托特纳姆热刺,诺丁汉森林,3月1日,Lottery Official,1.28,4.85,6.6,1.26,5.05,6.8
2399375,英格兰超级联赛,2024-04-08T01:00:00,托特纳姆热刺,诺丁汉森林,3月1日,Macauslot,1.32,5.15,6.6,1.35,5.15,6
2399375,英格兰超级联赛,2024-04-08T01:00:00,托特纳姆热刺,诺丁汉森林,3月1日,William Hill,1.36,5.5,7,1.44,5.5,6
2399413,英格兰超级联赛,2024-05-05T23:30:00,利物浦,托特纳姆热刺,4月2日,Bet 365,1.45,5.5,5.25,1.44,5.75,5.5
2399413,英格兰超级联赛,2024-05-05T23:30:00,利物浦,托特纳姆热刺,4月2日,Easybets,1.51,5.4,5.1,1.43,5.4,5.8
2399413,英格兰超级联赛,2024-05-05T23:30:00,利物浦,托特纳姆热刺,4月2日,Lottery Official,1.36,4.9,5,1.33,5.1,5.25
2399413,英格兰超级联赛,2024-05-05T23:30:00,利物浦,托特纳姆热刺,4月2日,Macauslot,1.42,5.1,4.9,1.42,5.1,4.9
2399413,英格兰超级联赛,2024-05-05T23:30:00,利物浦,托特纳姆热刺,4月2日,William Hill,1.44,5.5,5.5,1.44,5.5,5.8
2399419,英格兰超级联赛,2024-05-11T22:00:00,埃弗顿,谢菲尔德联队,1-0,Bet 365,1.44,4.5,6.5,1.4,5,7
2399419,英格兰超级联赛,2024-05-11T22:00:00,埃弗顿,谢菲尔德联队,1-0,Easybets,1.41,4.4,5.9,1.41,4.9,7.1
2399419,英格兰超级联赛,2024-05-11T22:00:00,埃弗顿,谢菲尔德联队,1-0,Macauslot,1.38,4.7,6,1.38,4.7,6
2399419,英格兰超级联赛,2024-05-11T22:00:00,埃弗顿,谢菲尔德联队,1-0,William Hill,1.44,4.6,6.5,1.44,5,7
2399431,英格兰超级联赛,2024-05-19T23:00:00,切尔西,伯恩茅斯,2月1日,Bet 365,1.5,4.5,6,1.38,5.25,7
2399431,英格兰超级联赛,2024-05-19T23:00:00,切尔西,伯恩茅斯,2月1日,Easybets,1.4,4.9,5.4,1.38,5.6,6.5
2399431,英格兰超级联赛,2024-05-19T23:00:00,切尔西,伯恩茅斯,2月1日,Lottery Official,1.31,5.1,5.55,1.26,5.4,6.25
2399431,英格兰超级联赛,2024-05-19T23:00:00,切尔西,伯恩茅斯,2月1日,Macauslot,1.43,4.8,5.1,1.43,4.8,5.1
2399431,英格兰超级联赛,2024-05-19T23:00:00,切尔西,伯恩茅斯,2月1日,William Hill,1.44,5,5.5,1.44,5.5,7
2404343,西班牙甲组联赛,2023-09-17T22:15:00,比利亚雷亚尔,阿尔梅里亚,2月1日,Bet 365,1.5,4.2,6.5,1.5,4.5,5.75
2404343,西班牙甲组联赛,2023-09-17T22:15:00,比利亚雷亚尔,阿尔梅里亚,2月1日,Easybets,1.52,4.8,5.8,1.51,5,5.5
2404343,西班牙甲组联赛,2023-09-17T22:15:00,比利亚雷亚尔,阿尔梅里亚,2月1日,Lottery Official,1.36,4.5,5.5,1.31,4.75,6.05
2404343,西班牙甲组联赛,2023-09-17T22:15:00,比利亚雷亚尔,阿尔梅里亚,2月1日,Macauslot,1.43,4.45,5.35,1.43,4.45,5.35
2404343,西班牙甲组联赛,2023-09-17T22:15:00,比利亚雷亚尔,阿尔梅里亚,2月1日,William Hill,1.6,3.8,5.8,1.44,5,5.8
2404481,西班牙甲组联赛,2024-01-03T02:15:00,皇家社会,阿拉维斯,1月1日,Bet 365,1.53,4,6,1.53,3.8,7
2404481,西班牙甲组联赛,2024-01-03T02:15:00,皇家社会,阿拉维斯,1月1日,Easybets,1.6,4,6,1.53,4,7.3
2404481,西班牙甲组联赛,2024-01-03T02:15:00,皇家社会,阿拉维斯,1月1日,Lottery Official,1.36,3.85,7,1.4,3.8,6.2
2404481,西班牙甲组联赛,2024-01-03T02:15:00,皇家社会,阿拉维斯,1月1日,Macauslot,1.5,3.77,5.8,1.45,3.77,6.7
2404481,西班牙甲组联赛,2024-01-03T02:15:00,皇家社会,阿拉维斯,1月1日,William Hill,1.53,3.8,6.5,1.44,3.9,7.5
2404515,西班牙甲组联赛,2024-02-03T04:00:00,毕尔巴鄂竞技,马洛卡,4-0,Bet 365,1.44,4,7.5,1.5,3.8,7
2404515,西班牙甲组联赛,2024-02-03T04:00:00,毕尔巴鄂竞技,马洛卡,4-0,Easybets,1.48,3.7,6.2,1.52,3.8,7.6
2404515,西班牙甲组联赛,2024-02-03T04:00:00,毕尔巴鄂竞技,马洛卡,4-0,Lottery Official,1.4,3.6,6.8,1.4,3.6,6.8
2404515,西班牙甲组联赛,2024-02-03T04:00:00,毕尔巴鄂竞技,马洛卡,4-0,Macauslot,1.43,3.81,6.8,1.45,3.9,6.2
2404515,西班牙甲组联赛,2024-02-03T04:00:00,毕尔巴鄂竞技,马洛卡,4-0,William Hill,1.44,4,7,1.44,4,7
2404566,西班牙甲组联赛,2024-03-09T04:00:00,巴塞罗那,马洛卡,1-0,Bet 365,1.33,5.5,8,1.44,4.5,7
2404566,西班牙甲组联赛,2024-03-09T04:00:00,巴塞罗那,马洛卡,1-0,Easybets,1.31,4.8,7.6,1.45,4.4,7.4
2404566,西班牙甲组联赛,2024-03-09T04:00:00,巴塞罗那,马洛卡,1-0,Lottery Official,1.36,3.95,6.65,1.31,4.35,6.85
2404566,西班牙甲组联赛,2024-03-09T04:00:00,巴塞罗那,马洛卡,1-0,Macauslot,1.35,4.55,6.8,1.35,4.55,6.8
2404566,西班牙甲组联赛,2024-03-09T04:00:00,巴塞罗那,马洛卡,1-0,William Hill,1.3,5.5,9,1.44,4.6,7
2404652,西班牙甲组联赛,2024-05-17T04:00:00,皇家社会,巴伦西亚,1-0,Bet 365,1.57,3.8,6,1.45,4.2,7.5
2404652,西班牙甲组联赛,2024-05-17T04:00:00,皇家社会,巴伦西亚,1-0,Easybets,1.54,3.6,5.7,1.46,4.2,8
2404652,西班牙甲组联赛,2024-05-17T04:00:00,皇家社会,巴伦西亚,1-0,Lottery Official,1.43,3.65,6,1.43,3.65,6
2404652,西班牙甲组联赛,2024-05-17T04:00:00,皇家社会,巴伦西亚,1-0,Macauslot,1.5,3.53,6.4,1.42,3.8,7.1
2404652,西班牙甲组联赛,2024-05-17T04:00:00,皇家社会,巴伦西亚,1-0,William Hill,1.57,3.9,6,1.44,4.2,7.5
2410525,法国甲组联赛,2023-08-27T01:00:00,马赛,布雷斯特,2-0,Bet 365,1.4,4.5,7.5,1.5,4.2,6.5
2410525,法国甲组联赛,2023-08-27T01:00:00,马赛,布雷斯特,2-0,Easybets,1.46,4.8,6.4,1.49,4.6,6.2
2410525,法国甲组联赛,2023-08-27T01:00:00,马赛,布雷斯特,2-0,Macauslot,1.38,4.5,6.1,1.44,4.5,5.15
2410525,法国甲组联赛,2023-08-27T01:00:00,马赛,布雷斯特,2-0,William Hill,1.4,4.8,7.5,1.44,4.6,6.5
2410529,法国甲组联赛,2023-08-27T19:00:00,雷恩,勒阿弗尔,2月2日,Bet 365,1.4,4.5,7,1.53,4.2,6
2410529,法国甲组联赛,2023-08-27T19:00:00,雷恩,勒阿弗尔,2月2日,Easybets,1.47,4.6,6.6,1.53,4.3,6.1
2410529,法国甲组联赛,2023-08-27T19:00:00,雷恩,勒阿弗尔,2月2日,Lottery Official,1.3,4.3,7.25,1.39,4,5.9
2410529,法国甲组联赛,2023-08-27T19:00:00,雷恩,勒阿弗尔,2月2日,Macauslot,1.4,4.35,6.3,1.45,4.4,5.3
2410529,法国甲组联赛,2023-08-27T19:00:00,雷恩,勒阿弗尔,2月2日,William Hill,1.44,4.6,7,1.44,4.4,7
2410550,法国甲组联赛,2023-09-24T21:00:00,朗斯,图卢兹,2月1日,Bet 365,1.6,4,5,1.4,4.33,7.5
2410550,法国甲组联赛,2023-09-24T21:00:00,朗斯,图卢兹,2月1日,Easybets,1.69,4.3,4.5,1.42,4.7,7.6
2410550,法国甲组联赛,2023-09-24T21:00:00,朗斯,图卢兹,2月1日,Macauslot,1.6,4.1,4.2,1.4,4.3,6
2410550,法国甲组联赛,2023-09-24T21:00:00,朗斯,图卢兹,2月1日,William Hill,1.62,4.33,4.8,1.44,4.6,7
2410571,法国甲组联赛,2023-10-08T19:00:00,马赛,勒阿弗尔,3-0,Bet 365,1.55,4.5,5,1.45,4.5,6.5
2410571,法国甲组联赛,2023-10-08T19:00:00,马赛,勒阿弗尔,3-0,Easybets,1.55,4.5,5.5,1.48,4.7,6.3
2410571,法国甲组联赛,2023-10-08T19:00:00,马赛,勒阿弗尔,3-0,Lottery Official,1.34,4.25,6.5,1.33,4.3,6.45
2410571,法国甲组联赛,2023-10-08T19:00:00,马赛,勒阿弗尔,3-0,Macauslot,1.48,4.25,5.25,1.44,4.4,5.45
2410571,法国甲组联赛,2023-10-08T19:00:00,马赛,勒阿弗尔,3-0,William Hill,1.5,4.33,6,1.44,4.5,7
2410594,法国甲组联赛,2023-10-30T00:05:00,雷恩,斯特拉斯堡,1月1日,Bet 365,1.6,4,5.25,1.45,4.5,7
2410594,法国甲组联赛,2023-10-30T00:05:00,雷恩,斯特拉斯堡,1月1日,Easybets,1.63,4.2,5,1.48,4.5,6.4
2410594,法国甲组联赛,2023-10-30T00:05:00,雷恩,斯特拉斯堡,1月1日,Macauslot,1.55,3.95,4.85,1.45,4,6.1
2410594,法国甲组联赛,2023-10-30T00:05:00,雷恩,斯特拉斯堡,1月1日,William Hill,1.6,4.2,5,1.44,4.5,7
2410728,法国甲组联赛,2024-03-10T20:00:00,巴黎圣日尔曼,兰斯,2月2日,Bet 365,1.4,5,6.5,1.5,4.75,6
2410728,法国甲组联赛,2024-03-10T20:00:00,巴黎圣日尔曼,兰斯,2月2日,Easybets,1.38,4.5,6.4,1.47,4.5,6.2
2410728,法国甲组联赛,2024-03-10T20:00:00,巴黎圣日尔曼,兰斯,2月2日,Lottery Official,1.3,4.6,6.6,1.34,4.3,6.25
2410728,法国甲组联赛,2024-03-10T20:00:00,巴黎圣日尔曼,兰斯,2月2日,Macauslot,1.35,4.75,6.2,1.38,4.75,5.65
2410728,法国甲组联赛,2024-03-10T20:00:00,巴黎圣日尔曼,兰斯,2月2日,William Hill,1.4,4.8,7,1.44,4.8,6.5
2410748,法国甲组联赛,2024-04-07T19:00:00,布雷斯特,梅斯,4月3日,Bet 365,1.53,3.75,7,1.5,4.2,7
2410748,法国甲组联赛,2024-04-07T19:00:00,布雷斯特,梅斯,4月3日,Easybets,1.52,3.6,5.9,1.48,4.1,7.2
2410748,法国甲组联赛,2024-04-07T19:00:00,布雷斯特,梅斯,4月3日,Lottery Official,1.35,3.8,7.5,1.34,3.8,7.7
2410748,法国甲组联赛,2024-04-07T19:00:00,布雷斯特,梅斯,4月3日,Macauslot,1.48,3.8,5.8,1.44,4,6
2410748,法国甲组联赛,2024-04-07T19:00:00,布雷斯特,梅斯,4月3日,William Hill,1.53,3.9,6.5,1.44,4.2,7.5
2410749,法国甲组联赛,2024-04-06T23:00:00,朗斯,勒阿弗尔,1月1日,Bet 365,1.53,4,6,1.5,4.2,7.5
2410749,法国甲组联赛,2024-04-06T23:00:00,朗斯,勒阿弗尔,1月1日,Easybets,1.53,3.8,5.5,1.5,4.2,7.5
2410749,法国甲组联赛,2024-04-06T23:00:00,朗斯,勒阿弗尔,1月1日,Macauslot,1.52,3.9,5.25,1.4,4.2,6.5
2410749,法国甲组联赛,2024-04-06T23:00:00,朗斯,勒阿弗尔,1月1日,William Hill,1.55,4.2,5.8,1.44,4.2,7.5
2410786,法国甲组联赛,2024-05-04T03:00:00,朗斯,洛里昂,2-0,Bet 365,1.4,4.75,6.5,1.44,5,6.5
2410786,法国甲组联赛,2024-05-04T03:00:00,朗斯,洛里昂,2-0,Easybets,1.39,4.3,6.6,1.43,4.7,6.5
2410786,法国甲组联赛,2024-05-04T03:00:00,朗斯,洛里昂,2-0,Macauslot,1.37,4.6,6.4,1.42,4.6,5.5
2410786,法国甲组联赛,2024-05-04T03:00:00,朗斯,洛里昂,2-0,William Hill,1.4,4.8,7.5,1.44,4.75,7
2410804,法国甲组联赛,2024-05-20T03:00:00,里尔,尼斯,2月2日,Bet 365,2.05,3.3,3.6,1.48,4.33,6
2410804,法国甲组联赛,2024-05-20T03:00:00,里尔,尼斯,2月2日,Easybets,1.62,3.7,4.7,1.49,4.4,6
2410804,法国甲组联赛,2024-05-20T03:00:00,里尔,尼斯,2月2日,Lottery Official,1.43,4.05,5.2,1.33,4.4,6.25
2410804,法国甲组联赛,2024-05-20T03:00:00,里尔,尼斯,2月2日,Macauslot,2.05,3.25,3.2,1.42,4.3,5.8
2410804,法国甲组联赛,2024-05-20T03:00:00,里尔,尼斯,2月2日,William Hill,2.05,3.5,3.5,1.44,4.5,6.5
2412837,德国甲组联赛,2023-08-20T23:30:00,法兰克福,达姆施塔特,1-0,Bet 365,1.44,4.75,7,1.45,5,5.75
2412837,德国甲组联赛,2023-08-20T23:30:00,法兰克福,达姆施塔特,1-0,Easybets,1.43,5,7,1.48,4.8,6.4
2412837,德国甲组联赛,2023-08-20T23:30:00,法兰克福,达姆施塔特,1-0,Macauslot,1.35,4.7,6.6,1.38,4.5,5.9
2412837,德国甲组联赛,2023-08-20T23:30:00,法兰克福,达姆施塔特,1-0,William Hill,1.4,4.75,7.5,1.44,4.6,6.5
2412911,德国甲组联赛,2023-10-29T00:30:00,RB莱比锡,科隆,6-0,Bet 365,1.4,4.5,7.5,1.5,4.5,6.5
2412911,德国甲组联赛,2023-10-29T00:30:00,RB莱比锡,科隆,6-0,Easybets,1.37,5.4,7.6,1.5,4.7,6.2
2412911,德国甲组联赛,2023-10-29T00:30:00,RB莱比锡,科隆,6-0,Lottery Official,1.29,4.65,6.7,1.29,4.65,6.7
2412911,德国甲组联赛,2023-10-29T00:30:00,RB莱比锡,科隆,6-0,Macauslot,1.33,4.9,6.7,1.37,4.8,6
2412911,德国甲组联赛,2023-10-29T00:30:00,RB莱比锡,科隆,6-0,William Hill,1.4,5,7,1.44,4.6,6.5
2412932,德国甲组联赛,2023-11-25T22:30:00,多特蒙德,门兴格拉德巴赫,4月2日,Bet 365,1.4,5.5,6,1.5,5.25,4.75
2412932,德国甲组联赛,2023-11-25T22:30:00,多特蒙德,门兴格拉德巴赫,4月2日,Easybets,1.46,5.3,5.9,1.49,5.2,5.4
2412932,德国甲组联赛,2023-11-25T22:30:00,多特蒙德,门兴格拉德巴赫,4月2日,Lottery Official,1.32,5,5.5,1.34,4.9,5.3
2412932,德国甲组联赛,2023-11-25T22:30:00,多特蒙德,门兴格拉德巴赫,4月2日,Macauslot,1.41,4.9,5.3,1.41,4.9,5.3
2412932,德国甲组联赛,2023-11-25T22:30:00,多特蒙德,门兴格拉德巴赫,4月2日,William Hill,1.35,5.5,6.5,1.44,5,5.8
2412969,德国甲组联赛,2023-12-20T03:30:00,多特蒙德,美因茨,1月1日,Bet 365,1.4,5,6.5,1.57,4.75,4.75
2412969,德国甲组联赛,2023-12-20T03:30:00,多特蒙德,美因茨,1月1日,Easybets,1.48,5,6,1.57,4.6,5.3
2412969,德国甲组联赛,2023-12-20T03:30:00,多特蒙德,美因茨,1月1日,Lottery Official,1.44,4.15,4.9,1.35,4.45,5.75
2412969,德国甲组联赛,2023-12-20T03:30:00,多特蒙德,美因茨,1月1日,Macauslot,1.41,4.7,5.4,1.41,4.7,5.4
2412969,德国甲组联赛,2023-12-20T03:30:00,多特蒙德,美因茨,1月1日,William Hill,1.4,5,6.5,1.44,4.8,5.8
2412972,德国甲组联赛,2023-12-20T03:30:00,霍芬海姆,达姆施塔特,3月3日,Bet 365,1.53,4.5,5,1.5,4.75,5.75
2412972,德国甲组联赛,2023-12-20T03:30:00,霍芬海姆,达姆施塔特,3月3日,Easybets,1.49,5,6,1.5,4.7,6.2
2412972,德国甲组联赛,2023-12-20T03:30:00,霍芬海姆,达姆施塔特,3月3日,Macauslot,1.45,4.45,5.1,1.44,4.45,5.2
2412972,德国甲组联赛,2023-12-20T03:30:00,霍芬海姆,达姆施塔特,3月3日,William Hill,1.5,4.6,5,1.44,4.6,5.8
2413056,德国甲组联赛,2024-03-09T03:30:00,斯图加特,柏林联合,2-0,Bet 365,1.5,4.5,5.75,1.45,4.75,6.5
2413056,德国甲组联赛,2024-03-09T03:30:00,斯图加特,柏林联合,2-0,Easybets,1.46,4.1,5.8,1.49,4.3,6.5
2413056,德国甲组联赛,2024-03-09T03:30:00,斯图加特,柏林联合,2-0,Lottery Official,1.37,4.1,6.05,1.34,4.15,6.6
2413056,德国甲组联赛,2024-03-09T03:30:00,斯图加特,柏林联合,2-0,Macauslot,1.43,4.25,5.8,1.45,4,6
2413056,德国甲组联赛,2024-03-09T03:30:00,斯图加特,柏林联合,2-0,William Hill,1.44,4.33,6.5,1.44,4.6,7
2413071,德国甲组联赛,2024-04-01T01:30:00,波鸿,达姆施塔特,2月2日,Bet 365,1.7,4,4.5,1.45,4.5,6
2413071,德国甲组联赛,2024-04-01T01:30:00,波鸿,达姆施塔特,2月2日,Easybets,1.61,3.8,4.6,1.47,4.8,6
2413071,德国甲组联赛,2024-04-01T01:30:00,波鸿,达姆施塔特,2月2日,Macauslot,1.58,3.9,4.55,1.34,4.4,6.9
2413071,德国甲组联赛,2024-04-01T01:30:00,波鸿,达姆施塔特,2月2日,William Hill,1.62,3.9,5.5,1.44,4.75,6.5
2413093,德国甲组联赛,2024-04-14T00:30:00,斯图加特,法兰克福,3-0,Bet 365,1.55,4.5,5.25,1.45,5,6
2413093,德国甲组联赛,2024-04-14T00:30:00,斯图加特,法兰克福,3-0,Easybets,1.55,4.6,5.7,1.47,5,6.2
2413093,德国甲组联赛,2024-04-14T00:30:00,斯图加特,法兰克福,3-0,Lottery Official,1.36,4.45,5.6,1.34,4.5,5.85
2413093,德国甲组联赛,2024-04-14T00:30:00,斯图加特,法兰克福,3-0,Macauslot,1.45,4.3,5.35,1.4,4.4,5.98
2413093,德国甲组联赛,2024-04-14T00:30:00,斯图加特,法兰克福,3-0,William Hill,1.53,4.5,5.5,1.44,5,6
2413105,德国甲组联赛,2024-04-27T21:30:00,拜仁慕尼黑,法兰克福,2月1日,Bet 365,1.29,6,9,1.44,5,6
2413105,德国甲组联赛,2024-04-27T21:30:00,拜仁慕尼黑,法兰克福,2月1日,Easybets,1.37,4.8,6,1.44,5.3,6.1
2413105,德国甲组联赛,2024-04-27T21:30:00,拜仁慕尼黑,法兰克福,2月1日,Lottery Official,1.28,5,6.35,1.32,4.9,5.65
2413105,德国甲组联赛,2024-04-27T21:30:00,拜仁慕尼黑,法兰克福,2月1日,Macauslot,1.28,5.45,6.7,1.31,5.45,6
2413105,德国甲组联赛,2024-04-27T21:30:00,拜仁慕尼黑,法兰克福,2月1日,William Hill,1.25,6.5,9,1.44,5,6
2413122,德国甲组联赛,2024-05-12T23:30:00,拜仁慕尼黑,沃尔夫斯堡,2-0,Bet 365,1.3,6,7.5,1.5,5.25,5.25
2413122,德国甲组联赛,2024-05-12T23:30:00,拜仁慕尼黑,沃尔夫斯堡,2-0,Easybets,1.34,5.1,6.2,1.46,4.9,6.2
2413122,德国甲组联赛,2024-05-12T23:30:00,拜仁慕尼黑,沃尔夫斯堡,2-0,Lottery Official,1.22,5.4,7.5,1.3,5.05,5.8
2413122,德国甲组联赛,2024-05-12T23:30:00,拜仁慕尼黑,沃尔夫斯堡,2-0,Macauslot,1.31,5.3,6.5,1.35,5.2,5.8
2413122,德国甲组联赛,2024-05-12T23:30:00,拜仁慕尼黑,沃尔夫斯堡,2-0,William Hill,1.25,6,9.5,1.44,5,6
2419585,意大利甲组联赛,2023-09-27T02:45:00,尤文图斯,莱切,1-0,Bet 365,1.45,4.2,7.5,1.5,4.2,7
2419585,意大利甲组联赛,2023-09-27T02:45:00,尤文图斯,莱切,1-0,Easybets,1.46,4.5,7.6,1.51,4.3,6.8
2419585,意大利甲组联赛,2023-09-27T02:45:00,尤文图斯,莱切,1-0,Lottery Official,1.33,4.15,6.8,1.32,4.2,6.95
2419585,意大利甲组联赛,2023-09-27T02:45:00,尤文图斯,莱切,1-0,Macauslot,1.43,4,6.2,1.4,4.2,6.3
2419585,意大利甲组联赛,2023-09-27T02:45:00,尤文图斯,莱切,1-0,William Hill,1.44,4.33,7.5,1.44,4.2,7.5
2419683,意大利甲组联赛,2023-12-17T22:00:00,佛罗伦萨,维罗纳,1-0,Bet 365,1.5,4.5,5.5,1.45,4.75,6
2419683,意大利甲组联赛,2023-12-17T22:00:00,佛罗伦萨,维罗纳,1-0,Easybets,1.49,4.6,6.6,1.48,4.5,7.1
2419683,意大利甲组联赛,2023-12-17T22:00:00,佛罗伦萨,维罗纳,1-0,Lottery Official,1.35,4.05,6.6,1.35,4.05,6.6
2419683,意大利甲组联赛,2023-12-17T22:00:00,佛罗伦萨,维罗纳,1-0,Macauslot,1.4,4.35,6.2,1.4,4.35,6.2
2419683,意大利甲组联赛,2023-12-17T22:00:00,佛罗伦萨,维罗纳,1-0,William Hill,1.44,4.4,6,1.44,4.5,6.5
2419700,意大利甲组联赛,2023-12-31T01:00:00,AC米兰,萨索洛,1-0,Bet 365,1.5,4.2,6.5,1.5,5,5.5
2419700,意大利甲组联赛,2023-12-31T01:00:00,AC米兰,萨索洛,1-0,Easybets,1.47,4.8,6.5,1.5,4.9,5.8
2419700,意大利甲组联赛,2023-12-31T01:00:00,AC米兰,萨索洛,1-0,Lottery Official,1.36,4.45,5.6,1.42,4.25,5
2419700,意大利甲组联赛,2023-12-31T01:00:00,AC米兰,萨索洛,1-0,Macauslot,1.4,4.5,5.8,1.4,4.65,5.68
2419700,意大利甲组联赛,2023-12-31T01:00:00,AC米兰,萨索洛,1-0,William Hill,1.44,4.6,6,1.44,4.6,5.8
2419730,意大利甲组联赛,2024-01-21T01:00:00,罗马,维罗纳,2月1日,Bet 365,1.5,4.2,6.5,1.45,4.2,7.5
2419730,意大利甲组联赛,2024-01-21T01:00:00,罗马,维罗纳,2月1日,Easybets,1.49,4.3,7.4,1.46,4.5,7.4
2419730,意大利甲组联赛,2024-01-21T01:00:00,罗马,维罗纳,2月1日,Lottery Official,1.3,4,8.3,1.28,4.15,8.5
2419730,意大利甲组联赛,2024-01-21T01:00:00,罗马,维罗纳,2月1日,Macauslot,1.38,4.05,7.2,1.35,4.4,7.3
2419730,意大利甲组联赛,2024-01-21T01:00:00,罗马,维罗纳,2月1日,William Hill,1.44,4.2,7,1.44,4.2,7
2419741,意大利甲组联赛,2024-01-27T22:00:00,亚特兰大,乌迪内斯,2-0,Bet 365,1.5,4.33,6.5,1.5,4.5,6
2419741,意大利甲组联赛,2024-01-27T22:00:00,亚特兰大,乌迪内斯,2-0,Easybets,1.56,4.5,5.6,1.47,4.5,6.6
2419741,意大利甲组联赛,2024-01-27T22:00:00,亚特兰大,乌迪内斯,2-0,Lottery Official,1.4,3.95,5.8,1.34,4.2,6.45
2419741,意大利甲组联赛,2024-01-27T22:00:00,亚特兰大,乌迪内斯,2-0,Macauslot,1.45,4.25,5.5,1.4,4.4,6.05
2419741,意大利甲组联赛,2024-01-27T22:00:00,亚特兰大,乌迪内斯,2-0,William Hill,1.44,4.5,6,1.44,4.33,6.5
2419815,意大利甲组联赛,2024-03-17T19:30:00,尤文图斯,热那亚,0-0,Bet 365,1.5,4,7,1.5,4.2,7
2419815,意大利甲组联赛,2024-03-17T19:30:00,尤文图斯,热那亚,0-0,Easybets,1.47,3.7,6.4,1.48,4.2,7.2
2419815,意大利甲组联赛,2024-03-17T19:30:00,尤文图斯,热那亚,0-0,Lottery Official,1.35,3.77,7.5,1.31,3.95,8.15
2419815,意大利甲组联赛,2024-03-17T19:30:00,尤文图斯,热那亚,0-0,Macauslot,1.43,3.77,6.9,1.35,4,8.4
2419815,意大利甲组联赛,2024-03-17T19:30:00,尤文图斯,热那亚,0-0,William Hill,1.5,4,7,1.44,4.2,7.5
2419860,意大利甲组联赛,2024-04-28T23:59:00,亚特兰大,恩波利,2-0,Bet 365,1.4,4.2,8.5,1.5,4.2,6.5
2419860,意大利甲组联赛,2024-04-28T23:59:00,亚特兰大,恩波利,2-0,Easybets,1.4,4.3,6.3,1.49,4.4,6.5
2419860,意大利甲组联赛,2024-04-28T23:59:00,亚特兰大,恩波利,2-0,Lottery Official,1.33,4.2,6.7,1.31,4.35,6.85
2419860,意大利甲组联赛,2024-04-28T23:59:00,亚特兰大,恩波利,2-0,Macauslot,1.38,4.55,6.1,1.38,4.55,6.1
2419860,意大利甲组联赛,2024-04-28T23:59:00,亚特兰大,恩波利,2-0,William Hill,1.36,5,7.5,1.44,4.5,7
2590930,英格兰超级联赛,2024-09-14T22:00:00,布莱顿,伊普斯维奇,0-0,Bet 365,1.36,4.75,8,1.45,4.75,6.5
2590930,英格兰超级联赛,2024-09-14T22:00:00,布莱顿,伊普斯维奇,0-0,Easybets,1.36,5.5,8,1.48,4.8,6.3
2590930,英格兰超级联赛,2024-09-14T22:00:00,布莱顿,伊普斯维奇,0-0,Lottery Official,1.29,4.8,6.85,1.32,4.65,6.4
2590930,英格兰超级联赛,2024-09-14T22:00:00,布莱顿,伊普斯维奇,0-0,Macauslot,1.31,5,7,1.33,5,6.5
2590930,英格兰超级联赛,2024-09-14T22:00:00,布莱顿,伊普斯维奇,0-0,William Hill,1.4,4.8,8,1.44,4.75,7
2590976,英格兰超级联赛,2024-10-19T19:30:00,托特纳姆热刺,西汉姆联,4月1日,Bet 365,1.5,4.5,5.25,1.45,5.25,5.75
2590976,英格兰超级联赛,2024-10-19T19:30:00,托特纳姆热刺,西汉姆联,4月1日,Easybets,1.46,4.5,5.1,1.43,5.1,6.1
2590976,英格兰超级联赛,2024-10-19T19:30:00,托特纳姆热刺,西汉姆联,4月1日,Lottery Official,1.42,4.55,4.9,1.34,4.7,5.9
2590976,英格兰超级联赛,2024-10-19T19:30:00,托特纳姆热刺,西汉姆联,4月1日,Macauslot,1.42,4.7,5.25,1.42,4.7,5.25
2590976,英格兰超级联赛,2024-10-19T19:30:00,托特纳姆热刺,西汉姆联,4月1日,William Hill,1.62,4.2,5,1.44,5,6.5
2591029,英格兰超级联赛,2024-12-05T04:15:00,阿森纳,曼彻斯特联,2-0,Bet 365,1.6,4,5.5,1.42,4.5,6.5
2591029,英格兰超级联赛,2024-12-05T04:15:00,阿森纳,曼彻斯特联,2-0,Easybets,1.41,4.3,6.1,1.44,4.7,6.7
2591029,英格兰超级联赛,2024-12-05T04:15:00,阿森纳,曼彻斯特联,2-0,Lottery Official,1.35,4.3,6.45,1.33,4.4,6.65
2591029,英格兰超级联赛,2024-12-05T04:15:00,阿森纳,曼彻斯特联,2-0,Macauslot,1.4,4.45,5.9,1.4,4.2,6.55
2591029,英格兰超级联赛,2024-12-05T04:15:00,阿森纳,曼彻斯特联,2-0,William Hill,1.6,4.33,5.5,1.44,4.5,7
2591110,英格兰超级联赛,2025-01-21T04:00:00,切尔西,狼队,3月1日,Bet 365,1.36,5.5,6.5,1.44,5,6.5
2591110,英格兰超级联赛,2025-01-21T04:00:00,切尔西,狼队,3月1日,Easybets,1.33,6,8.1,1.44,5.3,6.3
2591110,英格兰超级联赛,2025-01-21T04:00:00,切尔西,狼队,3月1日,Lottery Official,1.23,5.6,7.25,1.32,4.85,6.05
2591110,英格兰超级联赛,2025-01-21T04:00:00,切尔西,狼队,3月1日,Macauslot,1.25,5.7,7.6,1.35,5,6
2591110,英格兰超级联赛,2025-01-21T04:00:00,切尔西,狼队,3月1日,William Hill,1.4,5,7,1.44,5,6.5
2591119,英格兰超级联赛,2025-01-27T00:30:00,阿斯顿维拉,西汉姆联,1月1日,Bet 365,1.62,4.1,5,1.45,4.75,6.25
2591119,英格兰超级联赛,2025-01-27T00:30:00,阿斯顿维拉,西汉姆联,1月1日,Easybets,1.61,4.3,5.3,1.48,4.7,6.5
2591119,英格兰超级联赛,2025-01-27T00:30:00,阿斯顿维拉,西汉姆联,1月1日,Lottery Official,1.46,3.92,5.3,1.39,4.15,6
2591119,英格兰超级联赛,2025-01-27T00:30:00,阿斯顿维拉,西汉姆联,1月1日,Macauslot,1.52,4.05,5,1.42,4.5,5.65
2591119,英格兰超级联赛,2025-01-27T00:30:00,阿斯顿维拉,西汉姆联,1月1日,William Hill,1.65,4,4.8,1.44,4.6,6
2591231,英格兰超级联赛,2025-04-26T19:30:00,切尔西,埃弗顿,1-0,Bet 365,1.55,4,5.75,1.4,4.75,7.5
2591231,英格兰超级联赛,2025-04-26T19:30:00,切尔西,埃弗顿,1-0,Easybets,1.62,4.2,5.3,1.42,4.8,7
2591231,英格兰超级联赛,2025-04-26T19:30:00,切尔西,埃弗顿,1-0,Lottery Official,1.43,3.9,5.8,1.27,4.6,8
2591231,英格兰超级联赛,2025-04-26T19:30:00,切尔西,埃弗顿,1-0,Macauslot,1.57,3.87,4.8,1.42,4.2,6.2
2591231,英格兰超级联赛,2025-04-26T19:30:00,切尔西,埃弗顿,1-0,William Hill,1.62,4,5.5,1.44,4.4,7
2594925,法国甲组联赛,2024-09-15T21:00:00,雷恩,蒙彼利埃,3-0,Bet 365,1.57,4.1,5.5,1.4,5,7
2594925,法国甲组联赛,2024-09-15T21:00:00,雷恩,蒙彼利埃,3-0,Easybets,1.56,3.9,4.9,1.42,5.1,7
2594925,法国甲组联赛,2024-09-15T21:00:00,雷恩,蒙彼利埃,3-0,Macauslot,1.53,4.2,4.65,1.4,4.2,6.4
2594925,法国甲组联赛,2024-09-15T21:00:00,雷恩,蒙彼利埃,3-0,William Hill,1.62,4.2,5,1.44,4.6,7
2594933,法国甲组联赛,2024-09-22T21:00:00,摩纳哥,勒阿弗尔,3月1日,Bet 365,1.36,4.33,8.5,1.42,4.75,7
2594933,法国甲组联赛,2024-09-22T21:00:00,摩纳哥,勒阿弗尔,3月1日,Easybets,1.36,4.5,7.1,1.4,4.7,7.4
2594933,法国甲组联赛,2024-09-22T21:00:00,摩纳哥,勒阿弗尔,3月1日,Lottery Official,1.26,4.95,7.5,1.27,4.85,7.35
2594933,法国甲组联赛,2024-09-22T21:00:00,摩纳哥,勒阿弗尔,3月1日,Macauslot,1.31,4.75,7.4,1.31,4.75,7.4
2594933,法国甲组联赛,2024-09-22T21:00:00,摩纳哥,勒阿弗尔,3月1日,William Hill,1.4,4.6,8,1.44,4.5,7.5
2594967,法国甲组联赛,2024-10-27T22:00:00,里昂,欧塞尔,2月2日,Bet 365,1.62,4.33,4.75,1.42,5.25,5.75
2594967,法国甲组联赛,2024-10-27T22:00:00,里昂,欧塞尔,2月2日,Easybets,1.5,4.8,5.5,1.42,5.3,5.8
2594967,法国甲组联赛,2024-10-27T22:00:00,里昂,欧塞尔,2月2日,Macauslot,1.45,4.5,5.15,1.4,4.75,5.5
2594967,法国甲组联赛,2024-10-27T22:00:00,里昂,欧塞尔,2月2日,William Hill,1.62,4.2,5,1.44,4.8,6.5
2594987,法国甲组联赛,2024-11-09T03:45:00,马赛,欧塞尔,1月3日,Bet 365,1.42,5,6.25,1.44,4.75,6.5
2594987,法国甲组联赛,2024-11-09T03:45:00,马赛,欧塞尔,1月3日,Easybets,1.35,4.7,6.6,1.43,4.8,6.4
2594987,法国甲组联赛,2024-11-09T03:45:00,马赛,欧塞尔,1月3日,Lottery Official,1.27,5.05,7,1.28,5,6.8
2594987,法国甲组联赛,2024-11-09T03:45:00,马赛,欧塞尔,1月3日,Macauslot,1.35,4.85,6.2,1.35,4.85,6.2
2594987,法国甲组联赛,2024-11-09T03:45:00,马赛,欧塞尔,1月3日,William Hill,1.4,5,7,1.44,4.6,7
2595079,法国甲组联赛,2025-02-08T04:05:00,巴黎圣日尔曼,摩纳哥,4月1日,Bet 365,1.48,5,5.25,1.42,5.5,6
2595079,法国甲组联赛,2025-02-08T04:05:00,巴黎圣日尔曼,摩纳哥,4月1日,Easybets,1.45,5.3,5.3,1.45,5.4,5.6
2595079,法国甲组联赛,2025-02-08T04:05:00,巴黎圣日尔曼,摩纳哥,4月1日,Lottery Official,1.32,4.9,6,1.29,5.05,6.4
2595079,法国甲组联赛,2025-02-08T04:05:00,巴黎圣日尔曼,摩纳哥,4月1日,Macauslot,1.41,4.75,5.15,1.38,4.9,5.4
2595079,法国甲组联赛,2025-02-08T04:05:00,巴黎圣日尔曼,摩纳哥,4月1日,William Hill,1.5,4.6,5,1.44,5,5.8
2595141,法国甲组联赛,2025-04-05T02:45:00,尼斯,南特,1月2日,Bet 365,1.53,4.1,6.5,1.48,4.2,7
2595141,法国甲组联赛,2025-04-05T02:45:00,尼斯,南特,1月2日,Easybets,1.53,4.2,6,1.5,4.3,6.5
2595141,法国甲组联赛,2025-04-05T02:45:00,尼斯,南特,1月2日,Lottery Official,1.39,4.1,6.1,1.33,4.3,6.9
2595141,法国甲组联赛,2025-04-05T02:45:00,尼斯,南特,1月2日,Macauslot,1.45,4.05,5.8,1.4,4.2,6.4
2595141,法国甲组联赛,2025-04-05T02:45:00,尼斯,南特,1月2日,William Hill,1.55,4,5.5,1.44,4.2,6.5
2596622,西班牙甲组联赛,2024-08-26T03:30:00,马德里竞技,赫罗纳,3-0,Bet 365,1.62,3.9,5.25,1.5,4.5,6
2596622,西班牙甲组联赛,2024-08-26T03:30:00,马德里竞技,赫罗纳,3-0,Easybets,1.62,3.8,4.5,1.48,4.6,6.4
2596622,西班牙甲组联赛,2024-08-26T03:30:00,马德里竞技,赫罗纳,3-0,Lottery Official,1.47,4,5.05,1.36,4.45,5.9
2596622,西班牙甲组联赛,2024-08-26T03:30:00,马德里竞技,赫罗纳,3-0,Macauslot,1.57,3.82,4.8,1.36,4.8,6.1
2596622,西班牙甲组联赛,2024-08-26T03:30:00,马德里竞技,赫罗纳,3-0,William Hill,1.65,4,5,1.44,4.75,7
2596742,西班牙甲组联赛,2024-11-23T23:15:00,马德里竞技,阿拉维斯,2月1日,Bet 365,1.36,4.75,9,1.45,4.33,7.5
2596742,西班牙甲组联赛,2024-11-23T23:15:00,马德里竞技,阿拉维斯,2月1日,Easybets,1.34,4.3,8.2,1.45,4.3,8.4
2596742,西班牙甲组联赛,2024-11-23T23:15:00,马德里竞技,阿拉维斯,2月1日,Lottery Official,1.29,4.25,8.45,1.36,3.85,7.5
2596742,西班牙甲组联赛,2024-11-23T23:15:00,马德里竞技,阿拉维斯,2月1日,Macauslot,1.3,4.4,9.4,1.35,4.2,8
2596742,西班牙甲组联赛,2024-11-23T23:15:00,马德里竞技,阿拉维斯,2月1日,William Hill,1.35,4.8,9.5,1.44,4,8
2596950,西班牙甲组联赛,2025-05-03T22:15:00,比利亚雷亚尔,奥萨苏纳,4月2日,Bet 365,1.55,4.2,5.25,1.42,4.75,7
2596950,西班牙甲组联赛,2025-05-03T22:15:00,比利亚雷亚尔,奥萨苏纳,4月2日,Easybets,1.55,4.2,5.5,1.42,5,7.2
2596950,西班牙甲组联赛,2025-05-03T22:15:00,比利亚雷亚尔,奥萨苏纳,4月2日,Lottery Official,1.4,4.15,5.75,1.32,4.5,6.7
2596950,西班牙甲组联赛,2025-05-03T22:15:00,比利亚雷亚尔,奥萨苏纳,4月2日,Macauslot,1.48,4.2,5.15,1.35,4.75,6.3
2596950,西班牙甲组联赛,2025-05-03T22:15:00,比利亚雷亚尔,奥萨苏纳,4月2日,William Hill,1.55,4.2,5,1.44,4.5,6.5
2596988,西班牙甲组联赛,2025-05-25T03:00:00,巴列卡诺,马洛卡,0-0,Bet 365,1.65,3.7,5.25,1.48,4.1,7.5
2596988,西班牙甲组联赛,2025-05-25T03:00:00,巴列卡诺,马洛卡,0-0,Easybets,1.52,4.1,7.2,1.46,4.5,7.6
2596988,西班牙甲组联赛,2025-05-25T03:00:00,巴列卡诺,马洛卡,0-0,Lottery Official,1.43,3.85,5.9,1.4,3.9,6.3
2596988,西班牙甲组联赛,2025-05-25T03:00:00,巴列卡诺,马洛卡,0-0,Macauslot,1.48,3.82,5.8,1.4,4,6.85
2596988,西班牙甲组联赛,2025-05-25T03:00:00,巴列卡诺,马洛卡,0-0,William Hill,1.62,3.8,5.5,1.44,4,7
2606907,意大利甲组联赛,2024-09-25T02:45:00,亚特兰大,科莫,2月3日,Bet 365,1.5,4.2,6.25,1.53,4.5,5.75
2606907,意大利甲组联赛,2024-09-25T02:45:00,亚特兰大,科莫,2月3日,Easybets,1.48,4.1,5.5,1.54,4.4,6
2606907,意大利甲组联赛,2024-09-25T02:45:00,亚特兰大,科莫,2月3日,Lottery Official,1.35,4.4,6.25,1.35,4.4,6.25
2606907,意大利甲组联赛,2024-09-25T02:45:00,亚特兰大,科莫,2月3日,Macauslot,1.43,4.25,5.6,1.45,4.25,5.3
2606907,意大利甲组联赛,2024-09-25T02:45:00,亚特兰大,科莫,2月3日,William Hill,1.44,4.8,6.5,1.44,4.6,7
2606950,意大利甲组联赛,2024-10-27T22:00:00,拉齐奥,热那亚,3-0,Bet 365,1.65,3.8,5.25,1.42,4.5,7.5
2606950,意大利甲组联赛,2024-10-27T22:00:00,拉齐奥,热那亚,3-0,Easybets,1.51,3.9,5.4,1.42,4.5,7.5
2606950,意大利甲组联赛,2024-10-27T22:00:00,拉齐奥,热那亚,3-0,Lottery Official,1.41,3.95,6,1.27,4.55,8.2
2606950,意大利甲组联赛,2024-10-27T22:00:00,拉齐奥,热那亚,3-0,Macauslot,1.52,3.98,5.05,1.38,4.1,7.2
2606950,意大利甲组联赛,2024-10-27T22:00:00,拉齐奥,热那亚,3-0,William Hill,1.65,4,5,1.44,4.4,7.5
2606963,意大利甲组联赛,2024-10-31T03:45:00,尤文图斯,帕尔马,2月2日,Bet 365,1.45,4.33,7,1.44,4.75,6.5
2606963,意大利甲组联赛,2024-10-31T03:45:00,尤文图斯,帕尔马,2月2日,Easybets,1.33,4.5,7.8,1.42,4.8,7.2
2606963,意大利甲组联赛,2024-10-31T03:45:00,尤文图斯,帕尔马,2月2日,Lottery Official,1.3,4.5,7.25,1.28,4.6,7.65
2606963,意大利甲组联赛,2024-10-31T03:45:00,尤文图斯,帕尔马,2月2日,Macauslot,1.38,4.35,6.7,1.38,4.35,6.7
2606963,意大利甲组联赛,2024-10-31T03:45:00,尤文图斯,帕尔马,2月2日,William Hill,1.53,4,7,1.44,4.6,7
2607099,意大利甲组联赛,2025-02-11T03:45:00,国际米兰,佛罗伦萨,2月1日,Bet 365,1.57,3.9,6.25,1.48,4.75,6.5
2607099,意大利甲组联赛,2025-02-11T03:45:00,国际米兰,佛罗伦萨,2月1日,Easybets,1.48,4.5,7,1.46,4.6,6.5
2607099,意大利甲组联赛,2025-02-11T03:45:00,国际米兰,佛罗伦萨,2月1日,Lottery Official,1.3,4.6,7,1.32,4.5,6.7
2607099,意大利甲组联赛,2025-02-11T03:45:00,国际米兰,佛罗伦萨,2月1日,Macauslot,1.38,4.35,6.7,1.38,4.35,6.7
2607099,意大利甲组联赛,2025-02-11T03:45:00,国际米兰,佛罗伦萨,2月1日,William Hill,1.44,4.4,6,1.44,4.33,6.5
2607147,意大利甲组联赛,2025-03-16T23:00:00,罗马,卡利亚里,1-0,Bet 365,1.5,4.33,6.5,1.48,4.33,6.5
2607147,意大利甲组联赛,2025-03-16T23:00:00,罗马,卡利亚里,1-0,Easybets,1.58,4.1,6.1,1.5,4.4,6.9
2607147,意大利甲组联赛,2025-03-16T23:00:00,罗马,卡利亚里,1-0,Lottery Official,1.43,3.9,5.75,1.37,4.1,6.5
2607147,意大利甲组联赛,2025-03-16T23:00:00,罗马,卡利亚里,1-0,Macauslot,1.48,3.85,5.7,1.4,4.1,6.55
2607147,意大利甲组联赛,2025-03-16T23:00:00,罗马,卡利亚里,1-0,William Hill,1.5,4,6,1.44,4.2,6.5
2607159,意大利甲组联赛,2025-03-31T00:00:00,国际米兰,乌迪内斯,2月1日,Bet 365,1.3,5,11,1.44,4.1,8
2607159,意大利甲组联赛,2025-03-31T00:00:00,国际米兰,乌迪内斯,2月1日,Easybets,1.37,5.1,8.6,1.45,4.1,7.9
2607159,意大利甲组联赛,2025-03-31T00:00:00,国际米兰,乌迪内斯,2月1日,Lottery Official,1.27,4.6,8,1.26,4.6,8.5
2607159,意大利甲组联赛,2025-03-31T00:00:00,国际米兰,乌迪内斯,2月1日,Macauslot,1.35,4.56,6.77,1.35,4.56,6.77
2607159,意大利甲组联赛,2025-03-31T00:00:00,国际米兰,乌迪内斯,2月1日,William Hill,1.3,5,9.5,1.44,4,7.5
2607182,意大利甲组联赛,2025-04-15T02:45:00,那不勒斯,恩波利,3-0,Bet 365,1.29,5.5,9,1.45,4.33,7.5
2607182,意大利甲组联赛,2025-04-15T02:45:00,那不勒斯,恩波利,3-0,Easybets,1.35,5.1,9.6,1.45,4.3,8
2607182,意大利甲组联赛,2025-04-15T02:45:00,那不勒斯,恩波利,3-0,Lottery Official,1.26,4.5,8.8,1.24,4.65,9.3
2607182,意大利甲组联赛,2025-04-15T02:45:00,那不勒斯,恩波利,3-0,Macauslot,1.25,4.9,9.9,1.35,4.3,7.6
2607182,意大利甲组联赛,2025-04-15T02:45:00,那不勒斯,恩波利,3-0,William Hill,1.25,5.5,10,1.44,4,7.5
2607211,意大利甲组联赛,2025-05-04T02:45:00,国际米兰,维罗纳,1-0,Bet 365,1.3,5,10,1.45,4.33,7
2607211,意大利甲组联赛,2025-05-04T02:45:00,国际米兰,维罗纳,1-0,Easybets,1.33,4.8,9.5,1.45,4.3,7.6
2607211,意大利甲组联赛,2025-05-04T02:45:00,国际米兰,维罗纳,1-0,Lottery Official,1.24,4.8,8.7,1.26,4.65,8.3
2607211,意大利甲组联赛,2025-05-04T02:45:00,国际米兰,维罗纳,1-0,Macauslot,1.27,4.8,9.3,1.33,4.8,7
2607211,意大利甲组联赛,2025-05-04T02:45:00,国际米兰,维罗纳,1-0,William Hill,1.3,4.8,10,1.44,4,7
2607238,意大利甲组联赛,2025-05-25T00:00:00,博洛尼亚,热那亚,1月3日,Bet 365,1.53,4.2,6,1.48,4.33,6.5
2607238,意大利甲组联赛,2025-05-25T00:00:00,博洛尼亚,热那亚,1月3日,Easybets,1.51,4.6,6.2,1.48,4.3,7.5
2607238,意大利甲组联赛,2025-05-25T00:00:00,博洛尼亚,热那亚,1月3日,Lottery Official,1.41,4.05,5.8,1.49,3.7,5.35
2607238,意大利甲组联赛,2025-05-25T00:00:00,博洛尼亚,热那亚,1月3日,Macauslot,1.42,4.35,5.8,1.34,4.5,7.3
2607238,意大利甲组联赛,2025-05-25T00:00:00,博洛尼亚,热那亚,1月3日,William Hill,1.55,4,5.5,1.44,4,6.5
2607271,德国甲组联赛,2024-09-14T21:30:00,RB莱比锡,柏林联合,0-0,Bet 365,1.4,4.75,7,1.44,4.75,6.5
2607271,德国甲组联赛,2024-09-14T21:30:00,RB莱比锡,柏林联合,0-0,Easybets,1.4,4.4,6.2,1.46,4.8,6.9
2607271,德国甲组联赛,2024-09-14T21:30:00,RB莱比锡,柏林联合,0-0,Lottery Official,1.35,4.3,6.45,1.3,4.6,7
2607271,德国甲组联赛,2024-09-14T21:30:00,RB莱比锡,柏林联合,0-0,Macauslot,1.35,4.55,6.9,1.4,4.45,6
2607271,德国甲组联赛,2024-09-14T21:30:00,RB莱比锡,柏林联合,0-0,William Hill,1.44,4.5,7,1.44,4.6,7
2607322,德国甲组联赛,2024-11-02T22:30:00,法兰克福,波鸿,7月2日,Bet 365,1.33,5.5,7.5,1.45,5.25,5.5
2607322,德国甲组联赛,2024-11-02T22:30:00,法兰克福,波鸿,7月2日,Easybets,1.34,5.1,6.3,1.45,5,6.1
2607322,德国甲组联赛,2024-11-02T22:30:00,法兰克福,波鸿,7月2日,Lottery Official,1.27,5.05,6.95,1.32,4.8,6.1
2607322,德国甲组联赛,2024-11-02T22:30:00,法兰克福,波鸿,7月2日,Macauslot,1.28,5.4,7.1,1.4,5,5.2
2607322,德国甲组联赛,2024-11-02T22:30:00,法兰克福,波鸿,7月2日,William Hill,1.33,5.5,8,1.44,4.8,6.5
2607364,德国甲组联赛,2024-12-14T22:30:00,门兴格拉德巴赫,荷尔斯泰因,4月1日,Bet 365,1.57,4,5.5,1.4,5,7
2607364,德国甲组联赛,2024-12-14T22:30:00,门兴格拉德巴赫,荷尔斯泰因,4月1日,Easybets,1.46,4.3,5.3,1.42,5,6.5
2607364,德国甲组联赛,2024-12-14T22:30:00,门兴格拉德巴赫,荷尔斯泰因,4月1日,Lottery Official,1.3,4.72,6.75,1.27,4.95,7.2
2607364,德国甲组联赛,2024-12-14T22:30:00,门兴格拉德巴赫,荷尔斯泰因,4月1日,Macauslot,1.38,4.6,5.8,1.38,4.6,5.8
2607364,德国甲组联赛,2024-12-14T22:30:00,门兴格拉德巴赫,荷尔斯泰因,4月1日,William Hill,1.73,3.9,4.4,1.44,4.8,6.5
2607384,德国甲组联赛,2025-01-11T22:30:00,弗赖堡,荷尔斯泰因,3月2日,Bet 365,1.36,5,6.5,1.45,5,6.5
2607384,德国甲组联赛,2025-01-11T22:30:00,弗赖堡,荷尔斯泰因,3月2日,Easybets,1.42,4.8,7.8,1.45,5,6.5
2607384,德国甲组联赛,2025-01-11T22:30:00,弗赖堡,荷尔斯泰因,3月2日,Lottery Official,1.27,4.8,7.5,1.31,4.5,7
2607384,德国甲组联赛,2025-01-11T22:30:00,弗赖堡,荷尔斯泰因,3月2日,Macauslot,1.33,4.5,7.4,1.35,4.5,6.85
2607384,德国甲组联赛,2025-01-11T22:30:00,弗赖堡,荷尔斯泰因,3月2日,William Hill,1.36,5,7.5,1.44,4.75,6.5
2607416,德国甲组联赛,2025-01-25T03:30:00,沃尔夫斯堡,荷尔斯泰因,2月2日,Bet 365,1.48,5,5.5,1.45,5,6.25
2607416,德国甲组联赛,2025-01-25T03:30:00,沃尔夫斯堡,荷尔斯泰因,2月2日,Easybets,1.47,4.8,6.6,1.47,5,6.2
2607416,德国甲组联赛,2025-01-25T03:30:00,沃尔夫斯堡,荷尔斯泰因,2月2日,Lottery Official,1.3,4.7,6.8,1.3,4.7,6.8
2607416,德国甲组联赛,2025-01-25T03:30:00,沃尔夫斯堡,荷尔斯泰因,2月2日,Macauslot,1.38,4.5,6.2,1.38,4.5,6.2
2607416,德国甲组联赛,2025-01-25T03:30:00,沃尔夫斯堡,荷尔斯泰因,2月2日,William Hill,1.5,4.5,6,1.44,4.8,6
2607499,德国甲组联赛,2025-04-13T00:30:00,拜仁慕尼黑,多特蒙德,2月2日,Bet 365,1.48,4.75,5.5,1.45,5.25,5.75
2607499,德国甲组联赛,2025-04-13T00:30:00,拜仁慕尼黑,多特蒙德,2月2日,Easybets,1.41,5.4,6.7,1.45,5.2,6.2
2607499,德国甲组联赛,2025-04-13T00:30:00,拜仁慕尼黑,多特蒙德,2月2日,Lottery Official,1.34,4.75,5.8,1.4,4.5,5.2
2607499,德国甲组联赛,2025-04-13T00:30:00,拜仁慕尼黑,多特蒙德,2月2日,Macauslot,1.33,5.1,6.3,1.38,5,5.5
2607499,德国甲组联赛,2025-04-13T00:30:00,拜仁慕尼黑,多特蒙德,2月2日,William Hill,1.36,5,7.5,1.44,4.8,5.8
2607512,德国甲组联赛,2025-04-19T21:30:00,RB莱比锡,荷尔斯泰因,1月1日,Bet 365,1.33,5.5,7,1.45,4.75,6.5
2607512,德国甲组联赛,2025-04-19T21:30:00,RB莱比锡,荷尔斯泰因,1月1日,Easybets,1.33,5.5,7.5,1.47,4.8,5.8
2607512,德国甲组联赛,2025-04-19T21:30:00,RB莱比锡,荷尔斯泰因,1月1日,Lottery Official,1.25,5.2,7.3,1.28,5,6.75
2607512,德国甲组联赛,2025-04-19T21:30:00,RB莱比锡,荷尔斯泰因,1月1日,Macauslot,1.3,5.2,6.9,1.4,4.8,5.45
2607512,德国甲组联赛,2025-04-19T21:30:00,RB莱比锡,荷尔斯泰因,1月1日,William Hill,1.35,5,8,1.44,4.8,6
2607516,德国甲组联赛,2025-04-26T21:30:00,勒沃库森,奥格斯堡,2-0,Bet 365,1.33,5,8.5,1.5,4.75,6
2607516,德国甲组联赛,2025-04-26T21:30:00,勒沃库森,奥格斯堡,2-0,Easybets,1.36,5.1,8.8,1.48,4.8,6
2607516,德国甲组联赛,2025-04-26T21:30:00,勒沃库森,奥格斯堡,2-0,Macauslot,1.28,4.8,8.3,1.38,4.5,6.2
2607516,德国甲组联赛,2025-04-26T21:30:00,勒沃库森,奥格斯堡,2-0,William Hill,1.35,4.8,9,1.44,4.5,6
2607522,德国甲组联赛,2025-04-26T02:30:00,斯图加特,海登海姆,0-1,Bet 365,1.55,4.33,5.5,1.44,5,6.25
2607522,德国甲组联赛,2025-04-26T02:30:00,斯图加特,海登海姆,0-1,Easybets,1.53,4.8,5.6,1.48,5,6
2607522,德国甲组联赛,2025-04-26T02:30:00,斯图加特,海登海姆,0-1,Lottery Official,1.36,4.5,5.8,1.36,4.5,5.8
2607522,德国甲组联赛,2025-04-26T02:30:00,斯图加特,海登海姆,0-1,Macauslot,1.43,4.5,5.3,1.43,4.5,5.3
2607522,德国甲组联赛,2025-04-26T02:30:00,斯图加特,海登海姆,0-1,William Hill,1.57,4.33,5,1.44,4.6,5.8
,,,,,,,,,,,,
Export complete! 207 matches exported.,,,,,,,,,,,,
